INSERT INTO PAGO.DETALLE (ID_DETALLE, ID_FACTURA, ID_PRODUCTO, CANTIDAD) VALUES (num_detalle,id_factura,id_producto,cantidad);
--Fila 2
INSERT INTO PAGO.DETALLE (ID_DETALLE, ID_FACTURA, ID_PRODUCTO, CANTIDAD) VALUES (7.9532009E7,80767.0,49.0,4.0);
--Fila 3
INSERT INTO PAGO.DETALLE (ID_DETALLE, ID_FACTURA, ID_PRODUCTO, CANTIDAD) VALUES (5.0088872E7,80745.0,81.0,3.0);
--Fila 4
INSERT INTO PAGO.DETALLE (ID_DETALLE, ID_FACTURA, ID_PRODUCTO, CANTIDAD) VALUES (6.4402449E7,80721.0,47.0,5.0);
--Fila 5
INSERT INTO PAGO.DETALLE (ID_DETALLE, ID_FACTURA, ID_PRODUCTO, CANTIDAD) VALUES (9.209376E7,80527.0,25.0,4.0);
--Fila 6
INSERT INTO PAGO.DETALLE (ID_DETALLE, ID_FACTURA, ID_PRODUCTO, CANTIDAD) VALUES (8.3781103E7,80539.0,15.0,4.0);
--Fila 7
INSERT INTO PAGO.DETALLE (ID_DETALLE, ID_FACTURA, ID_PRODUCTO, CANTIDAD) VALUES (4.0334038E7,80795.0,87.0,5.0);
--Fila 8
INSERT INTO PAGO.DETALLE (ID_DETALLE, ID_FACTURA, ID_PRODUCTO, CANTIDAD) VALUES (7.3897921E7,80688.0,112.0,2.0);
--Fila 9
INSERT INTO PAGO.DETALLE (ID_DETALLE, ID_FACTURA, ID_PRODUCTO, CANTIDAD) VALUES (5.9604859E7,80510.0,86.0,2.0);
--Fila 10
INSERT INTO PAGO.DETALLE (ID_DETALLE, ID_FACTURA, ID_PRODUCTO, CANTIDAD) VALUES (7.1433787E7,80709.0,4.0,3.0);
--Fila 11
INSERT INTO PAGO.DETALLE (ID_DETALLE, ID_FACTURA, ID_PRODUCTO, CANTIDAD) VALUES (8.8517295E7,80582.0,42.0,4.0);
--Fila 12
INSERT INTO PAGO.DETALLE (ID_DETALLE, ID_FACTURA, ID_PRODUCTO, CANTIDAD) VALUES (2.250911E7,80624.0,100.0,1.0);
--Fila 13
INSERT INTO PAGO.DETALLE (ID_DETALLE, ID_FACTURA, ID_PRODUCTO, CANTIDAD) VALUES (3.3191217E7,80504.0,111.0,1.0);
--Fila 14
INSERT INTO PAGO.DETALLE (ID_DETALLE, ID_FACTURA, ID_PRODUCTO, CANTIDAD) VALUES (3.3399838E7,80726.0,7.0,3.0);
--Fila 15
INSERT INTO PAGO.DETALLE (ID_DETALLE, ID_FACTURA, ID_PRODUCTO, CANTIDAD) VALUES (3.6847656E7,80605.0,67.0,4.0);
--Fila 16
INSERT INTO PAGO.DETALLE (ID_DETALLE, ID_FACTURA, ID_PRODUCTO, CANTIDAD) VALUES (5.0667167E7,80662.0,113.0,4.0);
--Fila 17
INSERT INTO PAGO.DETALLE (ID_DETALLE, ID_FACTURA, ID_PRODUCTO, CANTIDAD) VALUES (4.3601827E7,80666.0,87.0,2.0);
--Fila 18
INSERT INTO PAGO.DETALLE (ID_DETALLE, ID_FACTURA, ID_PRODUCTO, CANTIDAD) VALUES (3.0341377E7,80648.0,51.0,2.0);
--Fila 19
INSERT INTO PAGO.DETALLE (ID_DETALLE, ID_FACTURA, ID_PRODUCTO, CANTIDAD) VALUES (6.8844715E7,80585.0,113.0,4.0);
--Fila 20
INSERT INTO PAGO.DETALLE (ID_DETALLE, ID_FACTURA, ID_PRODUCTO, CANTIDAD) VALUES (8.1065039E7,80656.0,14.0,2.0);
--Fila 21
INSERT INTO PAGO.DETALLE (ID_DETALLE, ID_FACTURA, ID_PRODUCTO, CANTIDAD) VALUES (8.057783E7,80622.0,126.0,3.0);
--Fila 22
INSERT INTO PAGO.DETALLE (ID_DETALLE, ID_FACTURA, ID_PRODUCTO, CANTIDAD) VALUES (2.2791407E7,80733.0,36.0,4.0);
--Fila 23
INSERT INTO PAGO.DETALLE (ID_DETALLE, ID_FACTURA, ID_PRODUCTO, CANTIDAD) VALUES (3.2225986E7,80696.0,65.0,1.0);
--Fila 24
INSERT INTO PAGO.DETALLE (ID_DETALLE, ID_FACTURA, ID_PRODUCTO, CANTIDAD) VALUES (4.9586304E7,80546.0,134.0,1.0);
--Fila 25
INSERT INTO PAGO.DETALLE (ID_DETALLE, ID_FACTURA, ID_PRODUCTO, CANTIDAD) VALUES (2.7257502E7,80693.0,17.0,2.0);
--Fila 26
INSERT INTO PAGO.DETALLE (ID_DETALLE, ID_FACTURA, ID_PRODUCTO, CANTIDAD) VALUES (8.6997231E7,80663.0,142.0,4.0);
--Fila 27
INSERT INTO PAGO.DETALLE (ID_DETALLE, ID_FACTURA, ID_PRODUCTO, CANTIDAD) VALUES (8.3384653E7,80640.0,94.0,5.0);
--Fila 28
INSERT INTO PAGO.DETALLE (ID_DETALLE, ID_FACTURA, ID_PRODUCTO, CANTIDAD) VALUES (2.9051215E7,80602.0,35.0,2.0);
--Fila 29
INSERT INTO PAGO.DETALLE (ID_DETALLE, ID_FACTURA, ID_PRODUCTO, CANTIDAD) VALUES (3.0057302E7,80617.0,57.0,4.0);
--Fila 30
INSERT INTO PAGO.DETALLE (ID_DETALLE, ID_FACTURA, ID_PRODUCTO, CANTIDAD) VALUES (4.8224106E7,80744.0,109.0,4.0);
--Fila 31
INSERT INTO PAGO.DETALLE (ID_DETALLE, ID_FACTURA, ID_PRODUCTO, CANTIDAD) VALUES (7.5310225E7,80613.0,70.0,5.0);
--Fila 32
INSERT INTO PAGO.DETALLE (ID_DETALLE, ID_FACTURA, ID_PRODUCTO, CANTIDAD) VALUES (9.2875272E7,80533.0,8.0,4.0);
--Fila 33
INSERT INTO PAGO.DETALLE (ID_DETALLE, ID_FACTURA, ID_PRODUCTO, CANTIDAD) VALUES (8.9956683E7,80774.0,123.0,5.0);
--Fila 34
INSERT INTO PAGO.DETALLE (ID_DETALLE, ID_FACTURA, ID_PRODUCTO, CANTIDAD) VALUES (6.9943957E7,80765.0,24.0,2.0);
--Fila 35
INSERT INTO PAGO.DETALLE (ID_DETALLE, ID_FACTURA, ID_PRODUCTO, CANTIDAD) VALUES (7.0475383E7,80662.0,73.0,3.0);
--Fila 36
INSERT INTO PAGO.DETALLE (ID_DETALLE, ID_FACTURA, ID_PRODUCTO, CANTIDAD) VALUES (1.7908887E7,80671.0,39.0,2.0);
--Fila 37
INSERT INTO PAGO.DETALLE (ID_DETALLE, ID_FACTURA, ID_PRODUCTO, CANTIDAD) VALUES (8.2166078E7,80593.0,47.0,3.0);
--Fila 38
INSERT INTO PAGO.DETALLE (ID_DETALLE, ID_FACTURA, ID_PRODUCTO, CANTIDAD) VALUES (7.1776452E7,80703.0,81.0,2.0);
--Fila 39
INSERT INTO PAGO.DETALLE (ID_DETALLE, ID_FACTURA, ID_PRODUCTO, CANTIDAD) VALUES (2.4926601E7,80775.0,69.0,2.0);
--Fila 40
INSERT INTO PAGO.DETALLE (ID_DETALLE, ID_FACTURA, ID_PRODUCTO, CANTIDAD) VALUES (4.8357773E7,80510.0,53.0,3.0);
--Fila 41
INSERT INTO PAGO.DETALLE (ID_DETALLE, ID_FACTURA, ID_PRODUCTO, CANTIDAD) VALUES (2.6592907E7,80715.0,74.0,1.0);
--Fila 42
INSERT INTO PAGO.DETALLE (ID_DETALLE, ID_FACTURA, ID_PRODUCTO, CANTIDAD) VALUES (5.44127E7,80571.0,100.0,4.0);
--Fila 43
INSERT INTO PAGO.DETALLE (ID_DETALLE, ID_FACTURA, ID_PRODUCTO, CANTIDAD) VALUES (7.7342188E7,80724.0,6.0,1.0);
--Fila 44
INSERT INTO PAGO.DETALLE (ID_DETALLE, ID_FACTURA, ID_PRODUCTO, CANTIDAD) VALUES (8.4650467E7,80628.0,21.0,2.0);
--Fila 45
INSERT INTO PAGO.DETALLE (ID_DETALLE, ID_FACTURA, ID_PRODUCTO, CANTIDAD) VALUES (7.724673E7,80664.0,41.0,5.0);
--Fila 46
INSERT INTO PAGO.DETALLE (ID_DETALLE, ID_FACTURA, ID_PRODUCTO, CANTIDAD) VALUES (7.7251561E7,80630.0,101.0,2.0);
--Fila 47
INSERT INTO PAGO.DETALLE (ID_DETALLE, ID_FACTURA, ID_PRODUCTO, CANTIDAD) VALUES (4.886282E7,80587.0,122.0,4.0);
--Fila 48
INSERT INTO PAGO.DETALLE (ID_DETALLE, ID_FACTURA, ID_PRODUCTO, CANTIDAD) VALUES (5.7699148E7,80672.0,117.0,1.0);
--Fila 49
INSERT INTO PAGO.DETALLE (ID_DETALLE, ID_FACTURA, ID_PRODUCTO, CANTIDAD) VALUES (5.944096E7,80676.0,7.0,3.0);
--Fila 50
INSERT INTO PAGO.DETALLE (ID_DETALLE, ID_FACTURA, ID_PRODUCTO, CANTIDAD) VALUES (8.7146594E7,80722.0,70.0,5.0);
--Fila 51
INSERT INTO PAGO.DETALLE (ID_DETALLE, ID_FACTURA, ID_PRODUCTO, CANTIDAD) VALUES (7.0780282E7,80720.0,44.0,1.0);
--Fila 52
INSERT INTO PAGO.DETALLE (ID_DETALLE, ID_FACTURA, ID_PRODUCTO, CANTIDAD) VALUES (7.3502446E7,80508.0,49.0,2.0);
--Fila 53
INSERT INTO PAGO.DETALLE (ID_DETALLE, ID_FACTURA, ID_PRODUCTO, CANTIDAD) VALUES (5.7209183E7,80718.0,110.0,2.0);
--Fila 54
INSERT INTO PAGO.DETALLE (ID_DETALLE, ID_FACTURA, ID_PRODUCTO, CANTIDAD) VALUES (9.2295404E7,80713.0,108.0,2.0);
--Fila 55
INSERT INTO PAGO.DETALLE (ID_DETALLE, ID_FACTURA, ID_PRODUCTO, CANTIDAD) VALUES (2.9743594E7,80644.0,128.0,5.0);
--Fila 56
INSERT INTO PAGO.DETALLE (ID_DETALLE, ID_FACTURA, ID_PRODUCTO, CANTIDAD) VALUES (1.7737637E7,80552.0,150.0,4.0);
--Fila 57
INSERT INTO PAGO.DETALLE (ID_DETALLE, ID_FACTURA, ID_PRODUCTO, CANTIDAD) VALUES (6.9500548E7,80582.0,19.0,1.0);
--Fila 58
INSERT INTO PAGO.DETALLE (ID_DETALLE, ID_FACTURA, ID_PRODUCTO, CANTIDAD) VALUES (8.0100997E7,80760.0,137.0,5.0);
--Fila 59
INSERT INTO PAGO.DETALLE (ID_DETALLE, ID_FACTURA, ID_PRODUCTO, CANTIDAD) VALUES (5.1562072E7,80574.0,30.0,2.0);
--Fila 60
INSERT INTO PAGO.DETALLE (ID_DETALLE, ID_FACTURA, ID_PRODUCTO, CANTIDAD) VALUES (2.1412691E7,80623.0,137.0,3.0);
--Fila 61
INSERT INTO PAGO.DETALLE (ID_DETALLE, ID_FACTURA, ID_PRODUCTO, CANTIDAD) VALUES (7.8973893E7,80728.0,70.0,2.0);
--Fila 62
INSERT INTO PAGO.DETALLE (ID_DETALLE, ID_FACTURA, ID_PRODUCTO, CANTIDAD) VALUES (3.7487736E7,80613.0,135.0,2.0);
--Fila 63
INSERT INTO PAGO.DETALLE (ID_DETALLE, ID_FACTURA, ID_PRODUCTO, CANTIDAD) VALUES (1.6981192E7,80595.0,84.0,3.0);
--Fila 64
INSERT INTO PAGO.DETALLE (ID_DETALLE, ID_FACTURA, ID_PRODUCTO, CANTIDAD) VALUES (7.3974444E7,80521.0,0.0,3.0);
--Fila 65
INSERT INTO PAGO.DETALLE (ID_DETALLE, ID_FACTURA, ID_PRODUCTO, CANTIDAD) VALUES (6.1819329E7,80701.0,121.0,3.0);
--Fila 66
INSERT INTO PAGO.DETALLE (ID_DETALLE, ID_FACTURA, ID_PRODUCTO, CANTIDAD) VALUES (4.6225663E7,80764.0,1.0,1.0);
--Fila 67
INSERT INTO PAGO.DETALLE (ID_DETALLE, ID_FACTURA, ID_PRODUCTO, CANTIDAD) VALUES (5.8851992E7,80533.0,116.0,5.0);
--Fila 68
INSERT INTO PAGO.DETALLE (ID_DETALLE, ID_FACTURA, ID_PRODUCTO, CANTIDAD) VALUES (5.6060828E7,80620.0,13.0,4.0);
--Fila 69
INSERT INTO PAGO.DETALLE (ID_DETALLE, ID_FACTURA, ID_PRODUCTO, CANTIDAD) VALUES (9.252329E7,80730.0,139.0,1.0);
--Fila 70
INSERT INTO PAGO.DETALLE (ID_DETALLE, ID_FACTURA, ID_PRODUCTO, CANTIDAD) VALUES (8.5036789E7,80747.0,86.0,5.0);
--Fila 71
INSERT INTO PAGO.DETALLE (ID_DETALLE, ID_FACTURA, ID_PRODUCTO, CANTIDAD) VALUES (9.0840598E7,80764.0,23.0,1.0);
--Fila 72
INSERT INTO PAGO.DETALLE (ID_DETALLE, ID_FACTURA, ID_PRODUCTO, CANTIDAD) VALUES (5.6459526E7,80669.0,105.0,4.0);
--Fila 73
INSERT INTO PAGO.DETALLE (ID_DETALLE, ID_FACTURA, ID_PRODUCTO, CANTIDAD) VALUES (5.3789547E7,80786.0,125.0,2.0);
--Fila 74
INSERT INTO PAGO.DETALLE (ID_DETALLE, ID_FACTURA, ID_PRODUCTO, CANTIDAD) VALUES (1.9653488E7,80694.0,115.0,2.0);
--Fila 75
INSERT INTO PAGO.DETALLE (ID_DETALLE, ID_FACTURA, ID_PRODUCTO, CANTIDAD) VALUES (5.2860085E7,80770.0,139.0,1.0);
--Fila 76
INSERT INTO PAGO.DETALLE (ID_DETALLE, ID_FACTURA, ID_PRODUCTO, CANTIDAD) VALUES (3.6819552E7,80791.0,138.0,2.0);
--Fila 77
INSERT INTO PAGO.DETALLE (ID_DETALLE, ID_FACTURA, ID_PRODUCTO, CANTIDAD) VALUES (8.1606616E7,80708.0,106.0,5.0);
--Fila 78
INSERT INTO PAGO.DETALLE (ID_DETALLE, ID_FACTURA, ID_PRODUCTO, CANTIDAD) VALUES (6.5133605E7,80670.0,128.0,3.0);
--Fila 79
INSERT INTO PAGO.DETALLE (ID_DETALLE, ID_FACTURA, ID_PRODUCTO, CANTIDAD) VALUES (3.5727122E7,80570.0,69.0,2.0);
--Fila 80
INSERT INTO PAGO.DETALLE (ID_DETALLE, ID_FACTURA, ID_PRODUCTO, CANTIDAD) VALUES (8.1035143E7,80588.0,149.0,2.0);
--Fila 81
INSERT INTO PAGO.DETALLE (ID_DETALLE, ID_FACTURA, ID_PRODUCTO, CANTIDAD) VALUES (9.2375623E7,80542.0,89.0,5.0);
--Fila 82
INSERT INTO PAGO.DETALLE (ID_DETALLE, ID_FACTURA, ID_PRODUCTO, CANTIDAD) VALUES (7.8750241E7,80740.0,8.0,2.0);
--Fila 83
INSERT INTO PAGO.DETALLE (ID_DETALLE, ID_FACTURA, ID_PRODUCTO, CANTIDAD) VALUES (4.7706141E7,80684.0,139.0,5.0);
--Fila 84
INSERT INTO PAGO.DETALLE (ID_DETALLE, ID_FACTURA, ID_PRODUCTO, CANTIDAD) VALUES (5.2512874E7,80751.0,148.0,2.0);
--Fila 85
INSERT INTO PAGO.DETALLE (ID_DETALLE, ID_FACTURA, ID_PRODUCTO, CANTIDAD) VALUES (2.0705572E7,80687.0,112.0,4.0);
--Fila 86
INSERT INTO PAGO.DETALLE (ID_DETALLE, ID_FACTURA, ID_PRODUCTO, CANTIDAD) VALUES (3.4786245E7,80594.0,79.0,4.0);
--Fila 87
INSERT INTO PAGO.DETALLE (ID_DETALLE, ID_FACTURA, ID_PRODUCTO, CANTIDAD) VALUES (1.9054759E7,80694.0,103.0,1.0);
--Fila 88
INSERT INTO PAGO.DETALLE (ID_DETALLE, ID_FACTURA, ID_PRODUCTO, CANTIDAD) VALUES (5.5459473E7,80503.0,144.0,1.0);
--Fila 89
INSERT INTO PAGO.DETALLE (ID_DETALLE, ID_FACTURA, ID_PRODUCTO, CANTIDAD) VALUES (7.7792075E7,80583.0,58.0,5.0);
--Fila 90
INSERT INTO PAGO.DETALLE (ID_DETALLE, ID_FACTURA, ID_PRODUCTO, CANTIDAD) VALUES (4.8710772E7,80500.0,32.0,4.0);
--Fila 91
INSERT INTO PAGO.DETALLE (ID_DETALLE, ID_FACTURA, ID_PRODUCTO, CANTIDAD) VALUES (3.5905484E7,80665.0,148.0,1.0);
--Fila 92
INSERT INTO PAGO.DETALLE (ID_DETALLE, ID_FACTURA, ID_PRODUCTO, CANTIDAD) VALUES (4.0962624E7,80723.0,86.0,1.0);
--Fila 93
INSERT INTO PAGO.DETALLE (ID_DETALLE, ID_FACTURA, ID_PRODUCTO, CANTIDAD) VALUES (8.2100757E7,80779.0,74.0,1.0);
--Fila 94
INSERT INTO PAGO.DETALLE (ID_DETALLE, ID_FACTURA, ID_PRODUCTO, CANTIDAD) VALUES (8.1654767E7,80617.0,138.0,3.0);
--Fila 95
INSERT INTO PAGO.DETALLE (ID_DETALLE, ID_FACTURA, ID_PRODUCTO, CANTIDAD) VALUES (8.9691426E7,80772.0,29.0,4.0);
--Fila 96
INSERT INTO PAGO.DETALLE (ID_DETALLE, ID_FACTURA, ID_PRODUCTO, CANTIDAD) VALUES (7.9773127E7,80556.0,103.0,2.0);
--Fila 97
INSERT INTO PAGO.DETALLE (ID_DETALLE, ID_FACTURA, ID_PRODUCTO, CANTIDAD) VALUES (5.7558537E7,80766.0,99.0,3.0);
--Fila 98
INSERT INTO PAGO.DETALLE (ID_DETALLE, ID_FACTURA, ID_PRODUCTO, CANTIDAD) VALUES (7.1747872E7,80693.0,128.0,5.0);
--Fila 99
INSERT INTO PAGO.DETALLE (ID_DETALLE, ID_FACTURA, ID_PRODUCTO, CANTIDAD) VALUES (3.1804046E7,80800.0,15.0,3.0);
--Fila 100
INSERT INTO PAGO.DETALLE (ID_DETALLE, ID_FACTURA, ID_PRODUCTO, CANTIDAD) VALUES (8.2174604E7,80752.0,147.0,1.0);
--Fila 101
INSERT INTO PAGO.DETALLE (ID_DETALLE, ID_FACTURA, ID_PRODUCTO, CANTIDAD) VALUES (8.455968E7,80546.0,16.0,4.0);
--Fila 102
INSERT INTO PAGO.DETALLE (ID_DETALLE, ID_FACTURA, ID_PRODUCTO, CANTIDAD) VALUES (5.6064187E7,80713.0,110.0,1.0);
--Fila 103
INSERT INTO PAGO.DETALLE (ID_DETALLE, ID_FACTURA, ID_PRODUCTO, CANTIDAD) VALUES (2.5664771E7,80563.0,73.0,3.0);
--Fila 104
INSERT INTO PAGO.DETALLE (ID_DETALLE, ID_FACTURA, ID_PRODUCTO, CANTIDAD) VALUES (8.8076565E7,80622.0,19.0,1.0);
--Fila 105
INSERT INTO PAGO.DETALLE (ID_DETALLE, ID_FACTURA, ID_PRODUCTO, CANTIDAD) VALUES (7.7073532E7,80785.0,53.0,4.0);
--Fila 106
INSERT INTO PAGO.DETALLE (ID_DETALLE, ID_FACTURA, ID_PRODUCTO, CANTIDAD) VALUES (3.3503078E7,80605.0,100.0,1.0);
--Fila 107
INSERT INTO PAGO.DETALLE (ID_DETALLE, ID_FACTURA, ID_PRODUCTO, CANTIDAD) VALUES (3.3444992E7,80675.0,86.0,1.0);
--Fila 108
INSERT INTO PAGO.DETALLE (ID_DETALLE, ID_FACTURA, ID_PRODUCTO, CANTIDAD) VALUES (4.1792046E7,80750.0,26.0,5.0);
--Fila 109
INSERT INTO PAGO.DETALLE (ID_DETALLE, ID_FACTURA, ID_PRODUCTO, CANTIDAD) VALUES (3.0706831E7,80707.0,66.0,2.0);
--Fila 110
INSERT INTO PAGO.DETALLE (ID_DETALLE, ID_FACTURA, ID_PRODUCTO, CANTIDAD) VALUES (3.2599162E7,80633.0,139.0,3.0);
--Fila 111
INSERT INTO PAGO.DETALLE (ID_DETALLE, ID_FACTURA, ID_PRODUCTO, CANTIDAD) VALUES (2.8080011E7,80571.0,119.0,2.0);
--Fila 112
INSERT INTO PAGO.DETALLE (ID_DETALLE, ID_FACTURA, ID_PRODUCTO, CANTIDAD) VALUES (4.3463372E7,80624.0,20.0,2.0);
--Fila 113
INSERT INTO PAGO.DETALLE (ID_DETALLE, ID_FACTURA, ID_PRODUCTO, CANTIDAD) VALUES (2.9112765E7,80557.0,45.0,4.0);
--Fila 114
INSERT INTO PAGO.DETALLE (ID_DETALLE, ID_FACTURA, ID_PRODUCTO, CANTIDAD) VALUES (2.2496282E7,80520.0,14.0,1.0);
--Fila 115
INSERT INTO PAGO.DETALLE (ID_DETALLE, ID_FACTURA, ID_PRODUCTO, CANTIDAD) VALUES (2.7877521E7,80536.0,95.0,3.0);
--Fila 116
INSERT INTO PAGO.DETALLE (ID_DETALLE, ID_FACTURA, ID_PRODUCTO, CANTIDAD) VALUES (8.4548408E7,80635.0,15.0,4.0);
--Fila 117
INSERT INTO PAGO.DETALLE (ID_DETALLE, ID_FACTURA, ID_PRODUCTO, CANTIDAD) VALUES (6.4080755E7,80537.0,100.0,4.0);
--Fila 118
INSERT INTO PAGO.DETALLE (ID_DETALLE, ID_FACTURA, ID_PRODUCTO, CANTIDAD) VALUES (8.5824351E7,80516.0,98.0,3.0);
--Fila 119
INSERT INTO PAGO.DETALLE (ID_DETALLE, ID_FACTURA, ID_PRODUCTO, CANTIDAD) VALUES (5.2087284E7,80529.0,50.0,3.0);
--Fila 120
INSERT INTO PAGO.DETALLE (ID_DETALLE, ID_FACTURA, ID_PRODUCTO, CANTIDAD) VALUES (8.7946538E7,80550.0,108.0,3.0);
--Fila 121
INSERT INTO PAGO.DETALLE (ID_DETALLE, ID_FACTURA, ID_PRODUCTO, CANTIDAD) VALUES (3.2948938E7,80525.0,132.0,5.0);
--Fila 122
INSERT INTO PAGO.DETALLE (ID_DETALLE, ID_FACTURA, ID_PRODUCTO, CANTIDAD) VALUES (2.4290467E7,80796.0,109.0,3.0);
--Fila 123
INSERT INTO PAGO.DETALLE (ID_DETALLE, ID_FACTURA, ID_PRODUCTO, CANTIDAD) VALUES (7.8591052E7,80758.0,62.0,1.0);
--Fila 124
INSERT INTO PAGO.DETALLE (ID_DETALLE, ID_FACTURA, ID_PRODUCTO, CANTIDAD) VALUES (8.0936271E7,80764.0,88.0,4.0);
--Fila 125
INSERT INTO PAGO.DETALLE (ID_DETALLE, ID_FACTURA, ID_PRODUCTO, CANTIDAD) VALUES (8.5937221E7,80668.0,101.0,3.0);
--Fila 126
INSERT INTO PAGO.DETALLE (ID_DETALLE, ID_FACTURA, ID_PRODUCTO, CANTIDAD) VALUES (8.3738162E7,80744.0,8.0,3.0);
--Fila 127
INSERT INTO PAGO.DETALLE (ID_DETALLE, ID_FACTURA, ID_PRODUCTO, CANTIDAD) VALUES (3.9250825E7,80743.0,87.0,4.0);
--Fila 128
INSERT INTO PAGO.DETALLE (ID_DETALLE, ID_FACTURA, ID_PRODUCTO, CANTIDAD) VALUES (4.7338336E7,80590.0,41.0,1.0);
--Fila 129
INSERT INTO PAGO.DETALLE (ID_DETALLE, ID_FACTURA, ID_PRODUCTO, CANTIDAD) VALUES (3.3364189E7,80758.0,49.0,2.0);
--Fila 130
INSERT INTO PAGO.DETALLE (ID_DETALLE, ID_FACTURA, ID_PRODUCTO, CANTIDAD) VALUES (2.1924814E7,80596.0,50.0,5.0);
--Fila 131
INSERT INTO PAGO.DETALLE (ID_DETALLE, ID_FACTURA, ID_PRODUCTO, CANTIDAD) VALUES (5.6481231E7,80519.0,44.0,4.0);
--Fila 132
INSERT INTO PAGO.DETALLE (ID_DETALLE, ID_FACTURA, ID_PRODUCTO, CANTIDAD) VALUES (7.0768362E7,80730.0,58.0,4.0);
--Fila 133
INSERT INTO PAGO.DETALLE (ID_DETALLE, ID_FACTURA, ID_PRODUCTO, CANTIDAD) VALUES (2.2217935E7,80719.0,111.0,5.0);
--Fila 134
INSERT INTO PAGO.DETALLE (ID_DETALLE, ID_FACTURA, ID_PRODUCTO, CANTIDAD) VALUES (5.7800171E7,80735.0,106.0,5.0);
--Fila 135
INSERT INTO PAGO.DETALLE (ID_DETALLE, ID_FACTURA, ID_PRODUCTO, CANTIDAD) VALUES (5.9387262E7,80520.0,20.0,2.0);
--Fila 136
INSERT INTO PAGO.DETALLE (ID_DETALLE, ID_FACTURA, ID_PRODUCTO, CANTIDAD) VALUES (2.5268127E7,80756.0,60.0,5.0);
--Fila 137
INSERT INTO PAGO.DETALLE (ID_DETALLE, ID_FACTURA, ID_PRODUCTO, CANTIDAD) VALUES (5.9122338E7,80619.0,29.0,2.0);
--Fila 138
INSERT INTO PAGO.DETALLE (ID_DETALLE, ID_FACTURA, ID_PRODUCTO, CANTIDAD) VALUES (4.188755E7,80746.0,92.0,1.0);
--Fila 139
INSERT INTO PAGO.DETALLE (ID_DETALLE, ID_FACTURA, ID_PRODUCTO, CANTIDAD) VALUES (6.2472341E7,80710.0,74.0,4.0);
--Fila 140
INSERT INTO PAGO.DETALLE (ID_DETALLE, ID_FACTURA, ID_PRODUCTO, CANTIDAD) VALUES (5.4561098E7,80653.0,55.0,5.0);
--Fila 141
INSERT INTO PAGO.DETALLE (ID_DETALLE, ID_FACTURA, ID_PRODUCTO, CANTIDAD) VALUES (3.7902857E7,80573.0,18.0,4.0);
--Fila 142
INSERT INTO PAGO.DETALLE (ID_DETALLE, ID_FACTURA, ID_PRODUCTO, CANTIDAD) VALUES (5.4536937E7,80600.0,148.0,4.0);
--Fila 143
INSERT INTO PAGO.DETALLE (ID_DETALLE, ID_FACTURA, ID_PRODUCTO, CANTIDAD) VALUES (2.2204065E7,80565.0,39.0,5.0);
--Fila 144
INSERT INTO PAGO.DETALLE (ID_DETALLE, ID_FACTURA, ID_PRODUCTO, CANTIDAD) VALUES (4.3699271E7,80610.0,110.0,3.0);
--Fila 145
INSERT INTO PAGO.DETALLE (ID_DETALLE, ID_FACTURA, ID_PRODUCTO, CANTIDAD) VALUES (5.7378091E7,80579.0,13.0,3.0);
--Fila 146
INSERT INTO PAGO.DETALLE (ID_DETALLE, ID_FACTURA, ID_PRODUCTO, CANTIDAD) VALUES (9.2281002E7,80612.0,118.0,3.0);
--Fila 147
INSERT INTO PAGO.DETALLE (ID_DETALLE, ID_FACTURA, ID_PRODUCTO, CANTIDAD) VALUES (4.4242844E7,80766.0,0.0,5.0);
--Fila 148
INSERT INTO PAGO.DETALLE (ID_DETALLE, ID_FACTURA, ID_PRODUCTO, CANTIDAD) VALUES (5.223016E7,80640.0,8.0,5.0);
--Fila 149
INSERT INTO PAGO.DETALLE (ID_DETALLE, ID_FACTURA, ID_PRODUCTO, CANTIDAD) VALUES (8.7560988E7,80625.0,32.0,2.0);
--Fila 150
INSERT INTO PAGO.DETALLE (ID_DETALLE, ID_FACTURA, ID_PRODUCTO, CANTIDAD) VALUES (5.881556E7,80588.0,6.0,4.0);
--Fila 151
INSERT INTO PAGO.DETALLE (ID_DETALLE, ID_FACTURA, ID_PRODUCTO, CANTIDAD) VALUES (2.113478E7,80730.0,138.0,4.0);
--Fila 152
INSERT INTO PAGO.DETALLE (ID_DETALLE, ID_FACTURA, ID_PRODUCTO, CANTIDAD) VALUES (5.3131036E7,80500.0,18.0,4.0);
--Fila 153
INSERT INTO PAGO.DETALLE (ID_DETALLE, ID_FACTURA, ID_PRODUCTO, CANTIDAD) VALUES (3.3327422E7,80581.0,54.0,4.0);
--Fila 154
INSERT INTO PAGO.DETALLE (ID_DETALLE, ID_FACTURA, ID_PRODUCTO, CANTIDAD) VALUES (8.8837889E7,80688.0,63.0,2.0);
--Fila 155
INSERT INTO PAGO.DETALLE (ID_DETALLE, ID_FACTURA, ID_PRODUCTO, CANTIDAD) VALUES (6.946158E7,80559.0,40.0,2.0);
--Fila 156
INSERT INTO PAGO.DETALLE (ID_DETALLE, ID_FACTURA, ID_PRODUCTO, CANTIDAD) VALUES (7.1520838E7,80555.0,103.0,5.0);
--Fila 157
INSERT INTO PAGO.DETALLE (ID_DETALLE, ID_FACTURA, ID_PRODUCTO, CANTIDAD) VALUES (6.0029163E7,80598.0,9.0,4.0);
--Fila 158
INSERT INTO PAGO.DETALLE (ID_DETALLE, ID_FACTURA, ID_PRODUCTO, CANTIDAD) VALUES (6.9969347E7,80710.0,21.0,1.0);
--Fila 159
INSERT INTO PAGO.DETALLE (ID_DETALLE, ID_FACTURA, ID_PRODUCTO, CANTIDAD) VALUES (5.9182555E7,80688.0,75.0,1.0);
--Fila 160
INSERT INTO PAGO.DETALLE (ID_DETALLE, ID_FACTURA, ID_PRODUCTO, CANTIDAD) VALUES (1.9326016E7,80778.0,96.0,2.0);
--Fila 161
INSERT INTO PAGO.DETALLE (ID_DETALLE, ID_FACTURA, ID_PRODUCTO, CANTIDAD) VALUES (2.3348762E7,80707.0,141.0,3.0);
--Fila 162
INSERT INTO PAGO.DETALLE (ID_DETALLE, ID_FACTURA, ID_PRODUCTO, CANTIDAD) VALUES (6.5823776E7,80541.0,74.0,5.0);
--Fila 163
INSERT INTO PAGO.DETALLE (ID_DETALLE, ID_FACTURA, ID_PRODUCTO, CANTIDAD) VALUES (9.1674237E7,80552.0,150.0,2.0);
--Fila 164
INSERT INTO PAGO.DETALLE (ID_DETALLE, ID_FACTURA, ID_PRODUCTO, CANTIDAD) VALUES (5.8805394E7,80762.0,29.0,2.0);
--Fila 165
INSERT INTO PAGO.DETALLE (ID_DETALLE, ID_FACTURA, ID_PRODUCTO, CANTIDAD) VALUES (3.6837494E7,80509.0,144.0,4.0);
--Fila 166
INSERT INTO PAGO.DETALLE (ID_DETALLE, ID_FACTURA, ID_PRODUCTO, CANTIDAD) VALUES (8.9701634E7,80728.0,132.0,4.0);
--Fila 167
INSERT INTO PAGO.DETALLE (ID_DETALLE, ID_FACTURA, ID_PRODUCTO, CANTIDAD) VALUES (8.4196962E7,80666.0,19.0,3.0);
--Fila 168
INSERT INTO PAGO.DETALLE (ID_DETALLE, ID_FACTURA, ID_PRODUCTO, CANTIDAD) VALUES (7.0359083E7,80528.0,119.0,2.0);
--Fila 169
INSERT INTO PAGO.DETALLE (ID_DETALLE, ID_FACTURA, ID_PRODUCTO, CANTIDAD) VALUES (5.7516265E7,80565.0,112.0,5.0);
--Fila 170
INSERT INTO PAGO.DETALLE (ID_DETALLE, ID_FACTURA, ID_PRODUCTO, CANTIDAD) VALUES (5.2773245E7,80722.0,94.0,5.0);
--Fila 171
INSERT INTO PAGO.DETALLE (ID_DETALLE, ID_FACTURA, ID_PRODUCTO, CANTIDAD) VALUES (4.2049855E7,80654.0,99.0,3.0);
--Fila 172
INSERT INTO PAGO.DETALLE (ID_DETALLE, ID_FACTURA, ID_PRODUCTO, CANTIDAD) VALUES (5.8146061E7,80751.0,62.0,1.0);
--Fila 173
INSERT INTO PAGO.DETALLE (ID_DETALLE, ID_FACTURA, ID_PRODUCTO, CANTIDAD) VALUES (6.295336E7,80779.0,23.0,2.0);
--Fila 174
INSERT INTO PAGO.DETALLE (ID_DETALLE, ID_FACTURA, ID_PRODUCTO, CANTIDAD) VALUES (8.0266187E7,80537.0,83.0,5.0);
--Fila 175
INSERT INTO PAGO.DETALLE (ID_DETALLE, ID_FACTURA, ID_PRODUCTO, CANTIDAD) VALUES (5.450941E7,80750.0,9.0,1.0);
--Fila 176
INSERT INTO PAGO.DETALLE (ID_DETALLE, ID_FACTURA, ID_PRODUCTO, CANTIDAD) VALUES (2.7080385E7,80720.0,150.0,5.0);
--Fila 177
INSERT INTO PAGO.DETALLE (ID_DETALLE, ID_FACTURA, ID_PRODUCTO, CANTIDAD) VALUES (3.3968321E7,80789.0,61.0,2.0);
--Fila 178
INSERT INTO PAGO.DETALLE (ID_DETALLE, ID_FACTURA, ID_PRODUCTO, CANTIDAD) VALUES (3.4809149E7,80672.0,32.0,2.0);
--Fila 179
INSERT INTO PAGO.DETALLE (ID_DETALLE, ID_FACTURA, ID_PRODUCTO, CANTIDAD) VALUES (6.1917717E7,80799.0,71.0,3.0);
--Fila 180
INSERT INTO PAGO.DETALLE (ID_DETALLE, ID_FACTURA, ID_PRODUCTO, CANTIDAD) VALUES (7.0373936E7,80650.0,144.0,2.0);
--Fila 181
INSERT INTO PAGO.DETALLE (ID_DETALLE, ID_FACTURA, ID_PRODUCTO, CANTIDAD) VALUES (6.4234694E7,80755.0,61.0,3.0);
--Fila 182
INSERT INTO PAGO.DETALLE (ID_DETALLE, ID_FACTURA, ID_PRODUCTO, CANTIDAD) VALUES (5.7324758E7,80577.0,49.0,4.0);
--Fila 183
INSERT INTO PAGO.DETALLE (ID_DETALLE, ID_FACTURA, ID_PRODUCTO, CANTIDAD) VALUES (3.9779145E7,80786.0,32.0,2.0);
--Fila 184
INSERT INTO PAGO.DETALLE (ID_DETALLE, ID_FACTURA, ID_PRODUCTO, CANTIDAD) VALUES (4.4787249E7,80603.0,5.0,3.0);
--Fila 185
INSERT INTO PAGO.DETALLE (ID_DETALLE, ID_FACTURA, ID_PRODUCTO, CANTIDAD) VALUES (2.5589117E7,80576.0,116.0,1.0);
--Fila 186
INSERT INTO PAGO.DETALLE (ID_DETALLE, ID_FACTURA, ID_PRODUCTO, CANTIDAD) VALUES (7.6306477E7,80553.0,30.0,5.0);
--Fila 187
INSERT INTO PAGO.DETALLE (ID_DETALLE, ID_FACTURA, ID_PRODUCTO, CANTIDAD) VALUES (2.9943922E7,80735.0,1.0,2.0);
--Fila 188
INSERT INTO PAGO.DETALLE (ID_DETALLE, ID_FACTURA, ID_PRODUCTO, CANTIDAD) VALUES (1.7850309E7,80680.0,33.0,3.0);
--Fila 189
INSERT INTO PAGO.DETALLE (ID_DETALLE, ID_FACTURA, ID_PRODUCTO, CANTIDAD) VALUES (7.0891896E7,80537.0,20.0,4.0);
--Fila 190
INSERT INTO PAGO.DETALLE (ID_DETALLE, ID_FACTURA, ID_PRODUCTO, CANTIDAD) VALUES (9.4609709E7,80601.0,62.0,3.0);
--Fila 191
INSERT INTO PAGO.DETALLE (ID_DETALLE, ID_FACTURA, ID_PRODUCTO, CANTIDAD) VALUES (7.8842681E7,80523.0,137.0,3.0);
--Fila 192
INSERT INTO PAGO.DETALLE (ID_DETALLE, ID_FACTURA, ID_PRODUCTO, CANTIDAD) VALUES (1.8940822E7,80552.0,126.0,1.0);
--Fila 193
INSERT INTO PAGO.DETALLE (ID_DETALLE, ID_FACTURA, ID_PRODUCTO, CANTIDAD) VALUES (4.2358344E7,80777.0,138.0,1.0);
--Fila 194
INSERT INTO PAGO.DETALLE (ID_DETALLE, ID_FACTURA, ID_PRODUCTO, CANTIDAD) VALUES (1.7899219E7,80574.0,139.0,4.0);
--Fila 195
INSERT INTO PAGO.DETALLE (ID_DETALLE, ID_FACTURA, ID_PRODUCTO, CANTIDAD) VALUES (3.6907171E7,80789.0,37.0,4.0);
--Fila 196
INSERT INTO PAGO.DETALLE (ID_DETALLE, ID_FACTURA, ID_PRODUCTO, CANTIDAD) VALUES (2.9803331E7,80640.0,6.0,4.0);
--Fila 197
INSERT INTO PAGO.DETALLE (ID_DETALLE, ID_FACTURA, ID_PRODUCTO, CANTIDAD) VALUES (2.9040623E7,80501.0,43.0,3.0);
--Fila 198
INSERT INTO PAGO.DETALLE (ID_DETALLE, ID_FACTURA, ID_PRODUCTO, CANTIDAD) VALUES (6.417149E7,80705.0,27.0,1.0);
--Fila 199
INSERT INTO PAGO.DETALLE (ID_DETALLE, ID_FACTURA, ID_PRODUCTO, CANTIDAD) VALUES (8.8077598E7,80762.0,31.0,1.0);
--Fila 200
INSERT INTO PAGO.DETALLE (ID_DETALLE, ID_FACTURA, ID_PRODUCTO, CANTIDAD) VALUES (5.8556317E7,80720.0,121.0,4.0);
--Fila 201
INSERT INTO PAGO.DETALLE (ID_DETALLE, ID_FACTURA, ID_PRODUCTO, CANTIDAD) VALUES (6.8134568E7,80657.0,133.0,4.0);
--Fila 202
INSERT INTO PAGO.DETALLE (ID_DETALLE, ID_FACTURA, ID_PRODUCTO, CANTIDAD) VALUES (3.3217777E7,80538.0,7.0,1.0);
--Fila 203
INSERT INTO PAGO.DETALLE (ID_DETALLE, ID_FACTURA, ID_PRODUCTO, CANTIDAD) VALUES (5.0856395E7,80724.0,147.0,3.0);
--Fila 204
INSERT INTO PAGO.DETALLE (ID_DETALLE, ID_FACTURA, ID_PRODUCTO, CANTIDAD) VALUES (6.7750743E7,80758.0,89.0,3.0);
--Fila 205
INSERT INTO PAGO.DETALLE (ID_DETALLE, ID_FACTURA, ID_PRODUCTO, CANTIDAD) VALUES (8.2120273E7,80725.0,47.0,5.0);
--Fila 206
INSERT INTO PAGO.DETALLE (ID_DETALLE, ID_FACTURA, ID_PRODUCTO, CANTIDAD) VALUES (2.0683524E7,80686.0,34.0,3.0);
--Fila 207
INSERT INTO PAGO.DETALLE (ID_DETALLE, ID_FACTURA, ID_PRODUCTO, CANTIDAD) VALUES (5.8606442E7,80550.0,4.0,5.0);
--Fila 208
INSERT INTO PAGO.DETALLE (ID_DETALLE, ID_FACTURA, ID_PRODUCTO, CANTIDAD) VALUES (5.890914E7,80633.0,11.0,1.0);
--Fila 209
INSERT INTO PAGO.DETALLE (ID_DETALLE, ID_FACTURA, ID_PRODUCTO, CANTIDAD) VALUES (6.7084381E7,80598.0,3.0,2.0);
--Fila 210
INSERT INTO PAGO.DETALLE (ID_DETALLE, ID_FACTURA, ID_PRODUCTO, CANTIDAD) VALUES (2.008511E7,80640.0,71.0,1.0);
--Fila 211
INSERT INTO PAGO.DETALLE (ID_DETALLE, ID_FACTURA, ID_PRODUCTO, CANTIDAD) VALUES (7.8052244E7,80564.0,53.0,5.0);
--Fila 212
INSERT INTO PAGO.DETALLE (ID_DETALLE, ID_FACTURA, ID_PRODUCTO, CANTIDAD) VALUES (8.3252727E7,80579.0,1.0,2.0);
--Fila 213
INSERT INTO PAGO.DETALLE (ID_DETALLE, ID_FACTURA, ID_PRODUCTO, CANTIDAD) VALUES (6.5390487E7,80746.0,140.0,3.0);
--Fila 214
INSERT INTO PAGO.DETALLE (ID_DETALLE, ID_FACTURA, ID_PRODUCTO, CANTIDAD) VALUES (7.1995053E7,80597.0,67.0,4.0);
--Fila 215
INSERT INTO PAGO.DETALLE (ID_DETALLE, ID_FACTURA, ID_PRODUCTO, CANTIDAD) VALUES (7.1523602E7,80769.0,67.0,2.0);
--Fila 216
INSERT INTO PAGO.DETALLE (ID_DETALLE, ID_FACTURA, ID_PRODUCTO, CANTIDAD) VALUES (6.1934938E7,80610.0,50.0,1.0);
--Fila 217
INSERT INTO PAGO.DETALLE (ID_DETALLE, ID_FACTURA, ID_PRODUCTO, CANTIDAD) VALUES (7.0363939E7,80500.0,53.0,1.0);
--Fila 218
INSERT INTO PAGO.DETALLE (ID_DETALLE, ID_FACTURA, ID_PRODUCTO, CANTIDAD) VALUES (9.3907635E7,80622.0,54.0,2.0);
--Fila 219
INSERT INTO PAGO.DETALLE (ID_DETALLE, ID_FACTURA, ID_PRODUCTO, CANTIDAD) VALUES (6.4361642E7,80748.0,96.0,3.0);
--Fila 220
INSERT INTO PAGO.DETALLE (ID_DETALLE, ID_FACTURA, ID_PRODUCTO, CANTIDAD) VALUES (5.5405976E7,80795.0,49.0,3.0);
--Fila 221
INSERT INTO PAGO.DETALLE (ID_DETALLE, ID_FACTURA, ID_PRODUCTO, CANTIDAD) VALUES (4.5632212E7,80516.0,148.0,5.0);
--Fila 222
INSERT INTO PAGO.DETALLE (ID_DETALLE, ID_FACTURA, ID_PRODUCTO, CANTIDAD) VALUES (7.0168863E7,80580.0,105.0,4.0);
--Fila 223
INSERT INTO PAGO.DETALLE (ID_DETALLE, ID_FACTURA, ID_PRODUCTO, CANTIDAD) VALUES (6.8712706E7,80730.0,108.0,4.0);
--Fila 224
INSERT INTO PAGO.DETALLE (ID_DETALLE, ID_FACTURA, ID_PRODUCTO, CANTIDAD) VALUES (8.1527219E7,80582.0,18.0,5.0);
--Fila 225
INSERT INTO PAGO.DETALLE (ID_DETALLE, ID_FACTURA, ID_PRODUCTO, CANTIDAD) VALUES (2.6598674E7,80602.0,6.0,4.0);
--Fila 226
INSERT INTO PAGO.DETALLE (ID_DETALLE, ID_FACTURA, ID_PRODUCTO, CANTIDAD) VALUES (3.2865916E7,80524.0,111.0,1.0);
--Fila 227
INSERT INTO PAGO.DETALLE (ID_DETALLE, ID_FACTURA, ID_PRODUCTO, CANTIDAD) VALUES (2.3396834E7,80682.0,56.0,5.0);
--Fila 228
INSERT INTO PAGO.DETALLE (ID_DETALLE, ID_FACTURA, ID_PRODUCTO, CANTIDAD) VALUES (1.6930949E7,80788.0,148.0,1.0);
--Fila 229
INSERT INTO PAGO.DETALLE (ID_DETALLE, ID_FACTURA, ID_PRODUCTO, CANTIDAD) VALUES (5.5273283E7,80594.0,55.0,2.0);
--Fila 230
INSERT INTO PAGO.DETALLE (ID_DETALLE, ID_FACTURA, ID_PRODUCTO, CANTIDAD) VALUES (2.8698467E7,80538.0,110.0,5.0);
--Fila 231
INSERT INTO PAGO.DETALLE (ID_DETALLE, ID_FACTURA, ID_PRODUCTO, CANTIDAD) VALUES (3.0298803E7,80800.0,20.0,4.0);
--Fila 232
INSERT INTO PAGO.DETALLE (ID_DETALLE, ID_FACTURA, ID_PRODUCTO, CANTIDAD) VALUES (2.85361E7,80787.0,148.0,4.0);
--Fila 233
INSERT INTO PAGO.DETALLE (ID_DETALLE, ID_FACTURA, ID_PRODUCTO, CANTIDAD) VALUES (8.3900691E7,80774.0,139.0,4.0);
--Fila 234
INSERT INTO PAGO.DETALLE (ID_DETALLE, ID_FACTURA, ID_PRODUCTO, CANTIDAD) VALUES (2.5784051E7,80692.0,125.0,1.0);
--Fila 235
INSERT INTO PAGO.DETALLE (ID_DETALLE, ID_FACTURA, ID_PRODUCTO, CANTIDAD) VALUES (7.7981784E7,80746.0,25.0,4.0);
--Fila 236
INSERT INTO PAGO.DETALLE (ID_DETALLE, ID_FACTURA, ID_PRODUCTO, CANTIDAD) VALUES (2.6833717E7,80523.0,141.0,1.0);
--Fila 237
INSERT INTO PAGO.DETALLE (ID_DETALLE, ID_FACTURA, ID_PRODUCTO, CANTIDAD) VALUES (5.0331073E7,80632.0,44.0,4.0);
--Fila 238
INSERT INTO PAGO.DETALLE (ID_DETALLE, ID_FACTURA, ID_PRODUCTO, CANTIDAD) VALUES (2.0369219E7,80509.0,9.0,2.0);
--Fila 239
INSERT INTO PAGO.DETALLE (ID_DETALLE, ID_FACTURA, ID_PRODUCTO, CANTIDAD) VALUES (6.7433789E7,80716.0,0.0,2.0);
--Fila 240
INSERT INTO PAGO.DETALLE (ID_DETALLE, ID_FACTURA, ID_PRODUCTO, CANTIDAD) VALUES (6.8192192E7,80591.0,58.0,1.0);
--Fila 241
INSERT INTO PAGO.DETALLE (ID_DETALLE, ID_FACTURA, ID_PRODUCTO, CANTIDAD) VALUES (3.4585324E7,80623.0,2.0,1.0);
--Fila 242
INSERT INTO PAGO.DETALLE (ID_DETALLE, ID_FACTURA, ID_PRODUCTO, CANTIDAD) VALUES (4.8192423E7,80680.0,41.0,4.0);
--Fila 243
INSERT INTO PAGO.DETALLE (ID_DETALLE, ID_FACTURA, ID_PRODUCTO, CANTIDAD) VALUES (5.1842206E7,80690.0,115.0,4.0);
--Fila 244
INSERT INTO PAGO.DETALLE (ID_DETALLE, ID_FACTURA, ID_PRODUCTO, CANTIDAD) VALUES (5.1590874E7,80708.0,98.0,5.0);
--Fila 245
INSERT INTO PAGO.DETALLE (ID_DETALLE, ID_FACTURA, ID_PRODUCTO, CANTIDAD) VALUES (5.4006328E7,80692.0,22.0,5.0);
--Fila 246
INSERT INTO PAGO.DETALLE (ID_DETALLE, ID_FACTURA, ID_PRODUCTO, CANTIDAD) VALUES (6.9453961E7,80681.0,77.0,2.0);
--Fila 247
INSERT INTO PAGO.DETALLE (ID_DETALLE, ID_FACTURA, ID_PRODUCTO, CANTIDAD) VALUES (3.8919445E7,80716.0,55.0,5.0);
--Fila 248
INSERT INTO PAGO.DETALLE (ID_DETALLE, ID_FACTURA, ID_PRODUCTO, CANTIDAD) VALUES (2.8163117E7,80696.0,48.0,4.0);
--Fila 249
INSERT INTO PAGO.DETALLE (ID_DETALLE, ID_FACTURA, ID_PRODUCTO, CANTIDAD) VALUES (7.8602738E7,80543.0,62.0,2.0);
--Fila 250
INSERT INTO PAGO.DETALLE (ID_DETALLE, ID_FACTURA, ID_PRODUCTO, CANTIDAD) VALUES (3.9863301E7,80545.0,139.0,5.0);
--Fila 251
INSERT INTO PAGO.DETALLE (ID_DETALLE, ID_FACTURA, ID_PRODUCTO, CANTIDAD) VALUES (3.3561077E7,80511.0,13.0,4.0);
--Fila 252
INSERT INTO PAGO.DETALLE (ID_DETALLE, ID_FACTURA, ID_PRODUCTO, CANTIDAD) VALUES (8.8086919E7,80680.0,100.0,3.0);
--Fila 253
INSERT INTO PAGO.DETALLE (ID_DETALLE, ID_FACTURA, ID_PRODUCTO, CANTIDAD) VALUES (6.5001386E7,80517.0,136.0,1.0);
--Fila 254
INSERT INTO PAGO.DETALLE (ID_DETALLE, ID_FACTURA, ID_PRODUCTO, CANTIDAD) VALUES (5.5677231E7,80645.0,87.0,1.0);
--Fila 255
INSERT INTO PAGO.DETALLE (ID_DETALLE, ID_FACTURA, ID_PRODUCTO, CANTIDAD) VALUES (7.095782E7,80568.0,12.0,1.0);
--Fila 256
INSERT INTO PAGO.DETALLE (ID_DETALLE, ID_FACTURA, ID_PRODUCTO, CANTIDAD) VALUES (6.0500952E7,80779.0,52.0,1.0);
--Fila 257
INSERT INTO PAGO.DETALLE (ID_DETALLE, ID_FACTURA, ID_PRODUCTO, CANTIDAD) VALUES (2.6230002E7,80766.0,46.0,5.0);
--Fila 258
INSERT INTO PAGO.DETALLE (ID_DETALLE, ID_FACTURA, ID_PRODUCTO, CANTIDAD) VALUES (6.4817667E7,80708.0,56.0,3.0);
--Fila 259
INSERT INTO PAGO.DETALLE (ID_DETALLE, ID_FACTURA, ID_PRODUCTO, CANTIDAD) VALUES (4.5859121E7,80797.0,126.0,1.0);
--Fila 260
INSERT INTO PAGO.DETALLE (ID_DETALLE, ID_FACTURA, ID_PRODUCTO, CANTIDAD) VALUES (3.303107E7,80676.0,89.0,1.0);
--Fila 261
INSERT INTO PAGO.DETALLE (ID_DETALLE, ID_FACTURA, ID_PRODUCTO, CANTIDAD) VALUES (3.102208E7,80603.0,93.0,2.0);
--Fila 262
INSERT INTO PAGO.DETALLE (ID_DETALLE, ID_FACTURA, ID_PRODUCTO, CANTIDAD) VALUES (9.0203545E7,80621.0,130.0,5.0);
--Fila 263
INSERT INTO PAGO.DETALLE (ID_DETALLE, ID_FACTURA, ID_PRODUCTO, CANTIDAD) VALUES (9.1967138E7,80597.0,150.0,5.0);
--Fila 264
INSERT INTO PAGO.DETALLE (ID_DETALLE, ID_FACTURA, ID_PRODUCTO, CANTIDAD) VALUES (7.3184594E7,80795.0,53.0,4.0);
--Fila 265
INSERT INTO PAGO.DETALLE (ID_DETALLE, ID_FACTURA, ID_PRODUCTO, CANTIDAD) VALUES (7.6084803E7,80740.0,80.0,1.0);
--Fila 266
INSERT INTO PAGO.DETALLE (ID_DETALLE, ID_FACTURA, ID_PRODUCTO, CANTIDAD) VALUES (7.373373E7,80737.0,51.0,5.0);
--Fila 267
INSERT INTO PAGO.DETALLE (ID_DETALLE, ID_FACTURA, ID_PRODUCTO, CANTIDAD) VALUES (6.8298584E7,80750.0,100.0,1.0);
--Fila 268
INSERT INTO PAGO.DETALLE (ID_DETALLE, ID_FACTURA, ID_PRODUCTO, CANTIDAD) VALUES (9.2058833E7,80742.0,90.0,1.0);
--Fila 269
INSERT INTO PAGO.DETALLE (ID_DETALLE, ID_FACTURA, ID_PRODUCTO, CANTIDAD) VALUES (6.3495955E7,80704.0,18.0,2.0);
--Fila 270
INSERT INTO PAGO.DETALLE (ID_DETALLE, ID_FACTURA, ID_PRODUCTO, CANTIDAD) VALUES (7.9687629E7,80568.0,9.0,5.0);
--Fila 271
INSERT INTO PAGO.DETALLE (ID_DETALLE, ID_FACTURA, ID_PRODUCTO, CANTIDAD) VALUES (6.8053896E7,80538.0,23.0,3.0);
--Fila 272
INSERT INTO PAGO.DETALLE (ID_DETALLE, ID_FACTURA, ID_PRODUCTO, CANTIDAD) VALUES (7.2339816E7,80757.0,18.0,5.0);
--Fila 273
INSERT INTO PAGO.DETALLE (ID_DETALLE, ID_FACTURA, ID_PRODUCTO, CANTIDAD) VALUES (3.3172786E7,80582.0,116.0,4.0);
--Fila 274
INSERT INTO PAGO.DETALLE (ID_DETALLE, ID_FACTURA, ID_PRODUCTO, CANTIDAD) VALUES (3.4612182E7,80780.0,33.0,2.0);
--Fila 275
INSERT INTO PAGO.DETALLE (ID_DETALLE, ID_FACTURA, ID_PRODUCTO, CANTIDAD) VALUES (9.1850814E7,80767.0,103.0,4.0);
--Fila 276
INSERT INTO PAGO.DETALLE (ID_DETALLE, ID_FACTURA, ID_PRODUCTO, CANTIDAD) VALUES (8.7852258E7,80539.0,91.0,1.0);
--Fila 277
INSERT INTO PAGO.DETALLE (ID_DETALLE, ID_FACTURA, ID_PRODUCTO, CANTIDAD) VALUES (8.5337357E7,80641.0,90.0,4.0);
--Fila 278
INSERT INTO PAGO.DETALLE (ID_DETALLE, ID_FACTURA, ID_PRODUCTO, CANTIDAD) VALUES (1.7113541E7,80626.0,45.0,2.0);
--Fila 279
INSERT INTO PAGO.DETALLE (ID_DETALLE, ID_FACTURA, ID_PRODUCTO, CANTIDAD) VALUES (8.8840182E7,80646.0,57.0,4.0);
--Fila 280
INSERT INTO PAGO.DETALLE (ID_DETALLE, ID_FACTURA, ID_PRODUCTO, CANTIDAD) VALUES (3.9455104E7,80697.0,137.0,5.0);
--Fila 281
INSERT INTO PAGO.DETALLE (ID_DETALLE, ID_FACTURA, ID_PRODUCTO, CANTIDAD) VALUES (8.5250058E7,80551.0,87.0,3.0);
--Fila 282
INSERT INTO PAGO.DETALLE (ID_DETALLE, ID_FACTURA, ID_PRODUCTO, CANTIDAD) VALUES (5.9836998E7,80508.0,114.0,3.0);
--Fila 283
INSERT INTO PAGO.DETALLE (ID_DETALLE, ID_FACTURA, ID_PRODUCTO, CANTIDAD) VALUES (6.9355578E7,80629.0,88.0,4.0);
--Fila 284
INSERT INTO PAGO.DETALLE (ID_DETALLE, ID_FACTURA, ID_PRODUCTO, CANTIDAD) VALUES (2.5012266E7,80623.0,9.0,3.0);
--Fila 285
INSERT INTO PAGO.DETALLE (ID_DETALLE, ID_FACTURA, ID_PRODUCTO, CANTIDAD) VALUES (2.7347895E7,80798.0,94.0,5.0);
--Fila 286
INSERT INTO PAGO.DETALLE (ID_DETALLE, ID_FACTURA, ID_PRODUCTO, CANTIDAD) VALUES (8.752883E7,80508.0,20.0,5.0);
--Fila 287
INSERT INTO PAGO.DETALLE (ID_DETALLE, ID_FACTURA, ID_PRODUCTO, CANTIDAD) VALUES (7.8509736E7,80659.0,147.0,3.0);
--Fila 288
INSERT INTO PAGO.DETALLE (ID_DETALLE, ID_FACTURA, ID_PRODUCTO, CANTIDAD) VALUES (3.1679324E7,80531.0,150.0,5.0);
--Fila 289
INSERT INTO PAGO.DETALLE (ID_DETALLE, ID_FACTURA, ID_PRODUCTO, CANTIDAD) VALUES (4.6790186E7,80572.0,80.0,2.0);
--Fila 290
INSERT INTO PAGO.DETALLE (ID_DETALLE, ID_FACTURA, ID_PRODUCTO, CANTIDAD) VALUES (3.2262254E7,80752.0,61.0,2.0);
--Fila 291
INSERT INTO PAGO.DETALLE (ID_DETALLE, ID_FACTURA, ID_PRODUCTO, CANTIDAD) VALUES (7.2791192E7,80710.0,92.0,5.0);
--Fila 292
INSERT INTO PAGO.DETALLE (ID_DETALLE, ID_FACTURA, ID_PRODUCTO, CANTIDAD) VALUES (6.0625377E7,80780.0,122.0,2.0);
--Fila 293
INSERT INTO PAGO.DETALLE (ID_DETALLE, ID_FACTURA, ID_PRODUCTO, CANTIDAD) VALUES (5.033954E7,80752.0,40.0,2.0);
--Fila 294
INSERT INTO PAGO.DETALLE (ID_DETALLE, ID_FACTURA, ID_PRODUCTO, CANTIDAD) VALUES (4.4805991E7,80744.0,105.0,2.0);
--Fila 295
INSERT INTO PAGO.DETALLE (ID_DETALLE, ID_FACTURA, ID_PRODUCTO, CANTIDAD) VALUES (2.9167633E7,80509.0,34.0,5.0);
--Fila 296
INSERT INTO PAGO.DETALLE (ID_DETALLE, ID_FACTURA, ID_PRODUCTO, CANTIDAD) VALUES (9.2258113E7,80780.0,54.0,3.0);
--Fila 297
INSERT INTO PAGO.DETALLE (ID_DETALLE, ID_FACTURA, ID_PRODUCTO, CANTIDAD) VALUES (3.1370721E7,80636.0,22.0,3.0);
--Fila 298
INSERT INTO PAGO.DETALLE (ID_DETALLE, ID_FACTURA, ID_PRODUCTO, CANTIDAD) VALUES (4.5419268E7,80745.0,50.0,2.0);
--Fila 299
INSERT INTO PAGO.DETALLE (ID_DETALLE, ID_FACTURA, ID_PRODUCTO, CANTIDAD) VALUES (8.7129307E7,80714.0,119.0,2.0);
--Fila 300
INSERT INTO PAGO.DETALLE (ID_DETALLE, ID_FACTURA, ID_PRODUCTO, CANTIDAD) VALUES (3.3134428E7,80612.0,119.0,4.0);
--Fila 301
INSERT INTO PAGO.DETALLE (ID_DETALLE, ID_FACTURA, ID_PRODUCTO, CANTIDAD) VALUES (3.4635626E7,80730.0,32.0,1.0);
--Fila 302
INSERT INTO PAGO.DETALLE (ID_DETALLE, ID_FACTURA, ID_PRODUCTO, CANTIDAD) VALUES (4.1909143E7,80537.0,66.0,1.0);
--Fila 303
INSERT INTO PAGO.DETALLE (ID_DETALLE, ID_FACTURA, ID_PRODUCTO, CANTIDAD) VALUES (8.5260105E7,80507.0,102.0,4.0);
--Fila 304
INSERT INTO PAGO.DETALLE (ID_DETALLE, ID_FACTURA, ID_PRODUCTO, CANTIDAD) VALUES (4.2438217E7,80713.0,146.0,1.0);
--Fila 305
INSERT INTO PAGO.DETALLE (ID_DETALLE, ID_FACTURA, ID_PRODUCTO, CANTIDAD) VALUES (5.1797946E7,80670.0,117.0,2.0);
--Fila 306
INSERT INTO PAGO.DETALLE (ID_DETALLE, ID_FACTURA, ID_PRODUCTO, CANTIDAD) VALUES (5.6614008E7,80635.0,65.0,5.0);
--Fila 307
INSERT INTO PAGO.DETALLE (ID_DETALLE, ID_FACTURA, ID_PRODUCTO, CANTIDAD) VALUES (4.8465903E7,80799.0,79.0,5.0);
--Fila 308
INSERT INTO PAGO.DETALLE (ID_DETALLE, ID_FACTURA, ID_PRODUCTO, CANTIDAD) VALUES (3.2141291E7,80520.0,87.0,5.0);
--Fila 309
INSERT INTO PAGO.DETALLE (ID_DETALLE, ID_FACTURA, ID_PRODUCTO, CANTIDAD) VALUES (8.4018738E7,80562.0,91.0,5.0);
--Fila 310
INSERT INTO PAGO.DETALLE (ID_DETALLE, ID_FACTURA, ID_PRODUCTO, CANTIDAD) VALUES (6.884032E7,80798.0,77.0,3.0);
--Fila 311
INSERT INTO PAGO.DETALLE (ID_DETALLE, ID_FACTURA, ID_PRODUCTO, CANTIDAD) VALUES (1.7772306E7,80634.0,143.0,1.0);
--Fila 312
INSERT INTO PAGO.DETALLE (ID_DETALLE, ID_FACTURA, ID_PRODUCTO, CANTIDAD) VALUES (8.3480005E7,80751.0,62.0,2.0);
--Fila 313
INSERT INTO PAGO.DETALLE (ID_DETALLE, ID_FACTURA, ID_PRODUCTO, CANTIDAD) VALUES (5.4143246E7,80616.0,138.0,4.0);
--Fila 314
INSERT INTO PAGO.DETALLE (ID_DETALLE, ID_FACTURA, ID_PRODUCTO, CANTIDAD) VALUES (4.1385607E7,80651.0,80.0,3.0);
--Fila 315
INSERT INTO PAGO.DETALLE (ID_DETALLE, ID_FACTURA, ID_PRODUCTO, CANTIDAD) VALUES (4.1360765E7,80697.0,107.0,3.0);
--Fila 316
INSERT INTO PAGO.DETALLE (ID_DETALLE, ID_FACTURA, ID_PRODUCTO, CANTIDAD) VALUES (7.7091686E7,80765.0,9.0,2.0);
--Fila 317
INSERT INTO PAGO.DETALLE (ID_DETALLE, ID_FACTURA, ID_PRODUCTO, CANTIDAD) VALUES (5.3574925E7,80525.0,7.0,2.0);
--Fila 318
INSERT INTO PAGO.DETALLE (ID_DETALLE, ID_FACTURA, ID_PRODUCTO, CANTIDAD) VALUES (9.1382668E7,80632.0,108.0,4.0);
--Fila 319
INSERT INTO PAGO.DETALLE (ID_DETALLE, ID_FACTURA, ID_PRODUCTO, CANTIDAD) VALUES (2.3492518E7,80782.0,12.0,4.0);
--Fila 320
INSERT INTO PAGO.DETALLE (ID_DETALLE, ID_FACTURA, ID_PRODUCTO, CANTIDAD) VALUES (6.7326751E7,80536.0,21.0,5.0);
--Fila 321
INSERT INTO PAGO.DETALLE (ID_DETALLE, ID_FACTURA, ID_PRODUCTO, CANTIDAD) VALUES (5.514683E7,80593.0,13.0,5.0);
--Fila 322
INSERT INTO PAGO.DETALLE (ID_DETALLE, ID_FACTURA, ID_PRODUCTO, CANTIDAD) VALUES (7.257001E7,80625.0,127.0,4.0);
--Fila 323
INSERT INTO PAGO.DETALLE (ID_DETALLE, ID_FACTURA, ID_PRODUCTO, CANTIDAD) VALUES (6.2610217E7,80578.0,5.0,5.0);
--Fila 324
INSERT INTO PAGO.DETALLE (ID_DETALLE, ID_FACTURA, ID_PRODUCTO, CANTIDAD) VALUES (4.4701101E7,80755.0,5.0,3.0);
--Fila 325
INSERT INTO PAGO.DETALLE (ID_DETALLE, ID_FACTURA, ID_PRODUCTO, CANTIDAD) VALUES (1.9605461E7,80569.0,34.0,4.0);
--Fila 326
INSERT INTO PAGO.DETALLE (ID_DETALLE, ID_FACTURA, ID_PRODUCTO, CANTIDAD) VALUES (7.9284194E7,80503.0,9.0,5.0);
--Fila 327
INSERT INTO PAGO.DETALLE (ID_DETALLE, ID_FACTURA, ID_PRODUCTO, CANTIDAD) VALUES (8.506014E7,80775.0,56.0,3.0);
--Fila 328
INSERT INTO PAGO.DETALLE (ID_DETALLE, ID_FACTURA, ID_PRODUCTO, CANTIDAD) VALUES (6.1592357E7,80508.0,149.0,2.0);
--Fila 329
INSERT INTO PAGO.DETALLE (ID_DETALLE, ID_FACTURA, ID_PRODUCTO, CANTIDAD) VALUES (9.2749008E7,80676.0,58.0,5.0);
--Fila 330
INSERT INTO PAGO.DETALLE (ID_DETALLE, ID_FACTURA, ID_PRODUCTO, CANTIDAD) VALUES (2.7635121E7,80541.0,85.0,1.0);
--Fila 331
INSERT INTO PAGO.DETALLE (ID_DETALLE, ID_FACTURA, ID_PRODUCTO, CANTIDAD) VALUES (9.3352564E7,80581.0,114.0,4.0);
--Fila 332
INSERT INTO PAGO.DETALLE (ID_DETALLE, ID_FACTURA, ID_PRODUCTO, CANTIDAD) VALUES (8.9472031E7,80574.0,31.0,5.0);
--Fila 333
INSERT INTO PAGO.DETALLE (ID_DETALLE, ID_FACTURA, ID_PRODUCTO, CANTIDAD) VALUES (3.5641765E7,80599.0,101.0,4.0);
--Fila 334
INSERT INTO PAGO.DETALLE (ID_DETALLE, ID_FACTURA, ID_PRODUCTO, CANTIDAD) VALUES (8.4062664E7,80784.0,78.0,4.0);
--Fila 335
INSERT INTO PAGO.DETALLE (ID_DETALLE, ID_FACTURA, ID_PRODUCTO, CANTIDAD) VALUES (2.4893598E7,80792.0,63.0,5.0);
--Fila 336
INSERT INTO PAGO.DETALLE (ID_DETALLE, ID_FACTURA, ID_PRODUCTO, CANTIDAD) VALUES (5.9425293E7,80780.0,30.0,4.0);
--Fila 337
INSERT INTO PAGO.DETALLE (ID_DETALLE, ID_FACTURA, ID_PRODUCTO, CANTIDAD) VALUES (4.4944354E7,80610.0,8.0,3.0);
--Fila 338
INSERT INTO PAGO.DETALLE (ID_DETALLE, ID_FACTURA, ID_PRODUCTO, CANTIDAD) VALUES (8.618287E7,80526.0,95.0,4.0);
--Fila 339
INSERT INTO PAGO.DETALLE (ID_DETALLE, ID_FACTURA, ID_PRODUCTO, CANTIDAD) VALUES (8.7215316E7,80765.0,50.0,2.0);
--Fila 340
INSERT INTO PAGO.DETALLE (ID_DETALLE, ID_FACTURA, ID_PRODUCTO, CANTIDAD) VALUES (2.0690003E7,80514.0,30.0,1.0);
--Fila 341
INSERT INTO PAGO.DETALLE (ID_DETALLE, ID_FACTURA, ID_PRODUCTO, CANTIDAD) VALUES (7.3455862E7,80726.0,26.0,5.0);
--Fila 342
INSERT INTO PAGO.DETALLE (ID_DETALLE, ID_FACTURA, ID_PRODUCTO, CANTIDAD) VALUES (5.1034198E7,80677.0,121.0,3.0);
--Fila 343
INSERT INTO PAGO.DETALLE (ID_DETALLE, ID_FACTURA, ID_PRODUCTO, CANTIDAD) VALUES (3.4701347E7,80756.0,45.0,4.0);
--Fila 344
INSERT INTO PAGO.DETALLE (ID_DETALLE, ID_FACTURA, ID_PRODUCTO, CANTIDAD) VALUES (3.8785575E7,80643.0,139.0,2.0);
--Fila 345
INSERT INTO PAGO.DETALLE (ID_DETALLE, ID_FACTURA, ID_PRODUCTO, CANTIDAD) VALUES (6.8984004E7,80646.0,5.0,4.0);
--Fila 346
INSERT INTO PAGO.DETALLE (ID_DETALLE, ID_FACTURA, ID_PRODUCTO, CANTIDAD) VALUES (8.4832385E7,80705.0,141.0,2.0);
--Fila 347
INSERT INTO PAGO.DETALLE (ID_DETALLE, ID_FACTURA, ID_PRODUCTO, CANTIDAD) VALUES (5.0236429E7,80709.0,133.0,4.0);
--Fila 348
INSERT INTO PAGO.DETALLE (ID_DETALLE, ID_FACTURA, ID_PRODUCTO, CANTIDAD) VALUES (5.8710891E7,80662.0,111.0,5.0);
--Fila 349
INSERT INTO PAGO.DETALLE (ID_DETALLE, ID_FACTURA, ID_PRODUCTO, CANTIDAD) VALUES (4.9368094E7,80604.0,82.0,1.0);
--Fila 350
INSERT INTO PAGO.DETALLE (ID_DETALLE, ID_FACTURA, ID_PRODUCTO, CANTIDAD) VALUES (3.1522831E7,80558.0,79.0,4.0);
--Fila 351
INSERT INTO PAGO.DETALLE (ID_DETALLE, ID_FACTURA, ID_PRODUCTO, CANTIDAD) VALUES (2.6326891E7,80794.0,102.0,5.0);
--Fila 352
INSERT INTO PAGO.DETALLE (ID_DETALLE, ID_FACTURA, ID_PRODUCTO, CANTIDAD) VALUES (5.5593912E7,80655.0,113.0,4.0);
--Fila 353
INSERT INTO PAGO.DETALLE (ID_DETALLE, ID_FACTURA, ID_PRODUCTO, CANTIDAD) VALUES (2.5386003E7,80798.0,21.0,4.0);
--Fila 354
INSERT INTO PAGO.DETALLE (ID_DETALLE, ID_FACTURA, ID_PRODUCTO, CANTIDAD) VALUES (7.3286707E7,80733.0,80.0,5.0);
--Fila 355
INSERT INTO PAGO.DETALLE (ID_DETALLE, ID_FACTURA, ID_PRODUCTO, CANTIDAD) VALUES (5.2869942E7,80569.0,117.0,4.0);
--Fila 356
INSERT INTO PAGO.DETALLE (ID_DETALLE, ID_FACTURA, ID_PRODUCTO, CANTIDAD) VALUES (8.5965362E7,80791.0,28.0,2.0);
--Fila 357
INSERT INTO PAGO.DETALLE (ID_DETALLE, ID_FACTURA, ID_PRODUCTO, CANTIDAD) VALUES (3.9081974E7,80657.0,117.0,5.0);
--Fila 358
INSERT INTO PAGO.DETALLE (ID_DETALLE, ID_FACTURA, ID_PRODUCTO, CANTIDAD) VALUES (8.6103206E7,80754.0,115.0,1.0);
--Fila 359
INSERT INTO PAGO.DETALLE (ID_DETALLE, ID_FACTURA, ID_PRODUCTO, CANTIDAD) VALUES (9.0158838E7,80780.0,104.0,3.0);
--Fila 360
INSERT INTO PAGO.DETALLE (ID_DETALLE, ID_FACTURA, ID_PRODUCTO, CANTIDAD) VALUES (5.4425601E7,80706.0,45.0,4.0);
--Fila 361
INSERT INTO PAGO.DETALLE (ID_DETALLE, ID_FACTURA, ID_PRODUCTO, CANTIDAD) VALUES (4.4196114E7,80503.0,60.0,4.0);
--Fila 362
INSERT INTO PAGO.DETALLE (ID_DETALLE, ID_FACTURA, ID_PRODUCTO, CANTIDAD) VALUES (5.7532943E7,80684.0,52.0,2.0);
--Fila 363
INSERT INTO PAGO.DETALLE (ID_DETALLE, ID_FACTURA, ID_PRODUCTO, CANTIDAD) VALUES (3.0962859E7,80555.0,45.0,5.0);
--Fila 364
INSERT INTO PAGO.DETALLE (ID_DETALLE, ID_FACTURA, ID_PRODUCTO, CANTIDAD) VALUES (4.6561401E7,80745.0,4.0,5.0);
--Fila 365
INSERT INTO PAGO.DETALLE (ID_DETALLE, ID_FACTURA, ID_PRODUCTO, CANTIDAD) VALUES (3.6445601E7,80643.0,135.0,1.0);
--Fila 366
INSERT INTO PAGO.DETALLE (ID_DETALLE, ID_FACTURA, ID_PRODUCTO, CANTIDAD) VALUES (3.0584416E7,80653.0,115.0,2.0);
--Fila 367
INSERT INTO PAGO.DETALLE (ID_DETALLE, ID_FACTURA, ID_PRODUCTO, CANTIDAD) VALUES (8.1741627E7,80515.0,119.0,1.0);
--Fila 368
INSERT INTO PAGO.DETALLE (ID_DETALLE, ID_FACTURA, ID_PRODUCTO, CANTIDAD) VALUES (1.7778952E7,80799.0,29.0,2.0);
--Fila 369
INSERT INTO PAGO.DETALLE (ID_DETALLE, ID_FACTURA, ID_PRODUCTO, CANTIDAD) VALUES (3.1222992E7,80747.0,4.0,5.0);
--Fila 370
INSERT INTO PAGO.DETALLE (ID_DETALLE, ID_FACTURA, ID_PRODUCTO, CANTIDAD) VALUES (9.197875E7,80656.0,129.0,5.0);
--Fila 371
INSERT INTO PAGO.DETALLE (ID_DETALLE, ID_FACTURA, ID_PRODUCTO, CANTIDAD) VALUES (2.7367989E7,80521.0,4.0,3.0);
--Fila 372
INSERT INTO PAGO.DETALLE (ID_DETALLE, ID_FACTURA, ID_PRODUCTO, CANTIDAD) VALUES (6.3572791E7,80601.0,109.0,5.0);
--Fila 373
INSERT INTO PAGO.DETALLE (ID_DETALLE, ID_FACTURA, ID_PRODUCTO, CANTIDAD) VALUES (3.1250909E7,80562.0,60.0,4.0);
--Fila 374
INSERT INTO PAGO.DETALLE (ID_DETALLE, ID_FACTURA, ID_PRODUCTO, CANTIDAD) VALUES (9.3692494E7,80525.0,135.0,5.0);
--Fila 375
INSERT INTO PAGO.DETALLE (ID_DETALLE, ID_FACTURA, ID_PRODUCTO, CANTIDAD) VALUES (4.8524059E7,80593.0,94.0,4.0);
--Fila 376
INSERT INTO PAGO.DETALLE (ID_DETALLE, ID_FACTURA, ID_PRODUCTO, CANTIDAD) VALUES (8.0985499E7,80727.0,26.0,1.0);
--Fila 377
INSERT INTO PAGO.DETALLE (ID_DETALLE, ID_FACTURA, ID_PRODUCTO, CANTIDAD) VALUES (5.0203668E7,80552.0,122.0,3.0);
--Fila 378
INSERT INTO PAGO.DETALLE (ID_DETALLE, ID_FACTURA, ID_PRODUCTO, CANTIDAD) VALUES (3.8350085E7,80640.0,59.0,3.0);
--Fila 379
INSERT INTO PAGO.DETALLE (ID_DETALLE, ID_FACTURA, ID_PRODUCTO, CANTIDAD) VALUES (4.5866608E7,80749.0,23.0,4.0);
--Fila 380
INSERT INTO PAGO.DETALLE (ID_DETALLE, ID_FACTURA, ID_PRODUCTO, CANTIDAD) VALUES (4.814213E7,80524.0,144.0,5.0);
--Fila 381
INSERT INTO PAGO.DETALLE (ID_DETALLE, ID_FACTURA, ID_PRODUCTO, CANTIDAD) VALUES (3.1964712E7,80667.0,39.0,1.0);
--Fila 382
INSERT INTO PAGO.DETALLE (ID_DETALLE, ID_FACTURA, ID_PRODUCTO, CANTIDAD) VALUES (5.3085171E7,80543.0,116.0,2.0);
--Fila 383
INSERT INTO PAGO.DETALLE (ID_DETALLE, ID_FACTURA, ID_PRODUCTO, CANTIDAD) VALUES (8.9741764E7,80797.0,0.0,4.0);
--Fila 384
INSERT INTO PAGO.DETALLE (ID_DETALLE, ID_FACTURA, ID_PRODUCTO, CANTIDAD) VALUES (8.9488205E7,80756.0,27.0,4.0);
--Fila 385
INSERT INTO PAGO.DETALLE (ID_DETALLE, ID_FACTURA, ID_PRODUCTO, CANTIDAD) VALUES (1.7996159E7,80732.0,38.0,4.0);
--Fila 386
INSERT INTO PAGO.DETALLE (ID_DETALLE, ID_FACTURA, ID_PRODUCTO, CANTIDAD) VALUES (4.6814444E7,80637.0,9.0,1.0);
--Fila 387
INSERT INTO PAGO.DETALLE (ID_DETALLE, ID_FACTURA, ID_PRODUCTO, CANTIDAD) VALUES (7.3521262E7,80751.0,81.0,3.0);
--Fila 388
INSERT INTO PAGO.DETALLE (ID_DETALLE, ID_FACTURA, ID_PRODUCTO, CANTIDAD) VALUES (5.9806894E7,80608.0,16.0,3.0);
--Fila 389
INSERT INTO PAGO.DETALLE (ID_DETALLE, ID_FACTURA, ID_PRODUCTO, CANTIDAD) VALUES (4.7438959E7,80719.0,90.0,2.0);
--Fila 390
INSERT INTO PAGO.DETALLE (ID_DETALLE, ID_FACTURA, ID_PRODUCTO, CANTIDAD) VALUES (7.8035351E7,80604.0,128.0,5.0);
--Fila 391
INSERT INTO PAGO.DETALLE (ID_DETALLE, ID_FACTURA, ID_PRODUCTO, CANTIDAD) VALUES (4.7475867E7,80590.0,25.0,5.0);
--Fila 392
INSERT INTO PAGO.DETALLE (ID_DETALLE, ID_FACTURA, ID_PRODUCTO, CANTIDAD) VALUES (4.7352604E7,80641.0,23.0,5.0);
--Fila 393
INSERT INTO PAGO.DETALLE (ID_DETALLE, ID_FACTURA, ID_PRODUCTO, CANTIDAD) VALUES (8.3611844E7,80518.0,136.0,1.0);
--Fila 394
INSERT INTO PAGO.DETALLE (ID_DETALLE, ID_FACTURA, ID_PRODUCTO, CANTIDAD) VALUES (8.556977E7,80761.0,86.0,4.0);
--Fila 395
INSERT INTO PAGO.DETALLE (ID_DETALLE, ID_FACTURA, ID_PRODUCTO, CANTIDAD) VALUES (2.9587928E7,80733.0,112.0,4.0);
--Fila 396
INSERT INTO PAGO.DETALLE (ID_DETALLE, ID_FACTURA, ID_PRODUCTO, CANTIDAD) VALUES (5.9507181E7,80730.0,100.0,5.0);
--Fila 397
INSERT INTO PAGO.DETALLE (ID_DETALLE, ID_FACTURA, ID_PRODUCTO, CANTIDAD) VALUES (2.802184E7,80515.0,117.0,2.0);
--Fila 398
INSERT INTO PAGO.DETALLE (ID_DETALLE, ID_FACTURA, ID_PRODUCTO, CANTIDAD) VALUES (8.0635388E7,80642.0,53.0,2.0);
--Fila 399
INSERT INTO PAGO.DETALLE (ID_DETALLE, ID_FACTURA, ID_PRODUCTO, CANTIDAD) VALUES (4.6636805E7,80658.0,50.0,4.0);
--Fila 400
INSERT INTO PAGO.DETALLE (ID_DETALLE, ID_FACTURA, ID_PRODUCTO, CANTIDAD) VALUES (8.4193363E7,80542.0,142.0,4.0);
--Fila 401
INSERT INTO PAGO.DETALLE (ID_DETALLE, ID_FACTURA, ID_PRODUCTO, CANTIDAD) VALUES (8.152078E7,80533.0,9.0,3.0);
--Fila 402
INSERT INTO PAGO.DETALLE (ID_DETALLE, ID_FACTURA, ID_PRODUCTO, CANTIDAD) VALUES (6.6530196E7,80726.0,107.0,2.0);
--Fila 403
INSERT INTO PAGO.DETALLE (ID_DETALLE, ID_FACTURA, ID_PRODUCTO, CANTIDAD) VALUES (8.6123224E7,80553.0,77.0,4.0);
--Fila 404
INSERT INTO PAGO.DETALLE (ID_DETALLE, ID_FACTURA, ID_PRODUCTO, CANTIDAD) VALUES (4.2327992E7,80598.0,40.0,1.0);
--Fila 405
INSERT INTO PAGO.DETALLE (ID_DETALLE, ID_FACTURA, ID_PRODUCTO, CANTIDAD) VALUES (3.1798148E7,80538.0,6.0,1.0);
--Fila 406
INSERT INTO PAGO.DETALLE (ID_DETALLE, ID_FACTURA, ID_PRODUCTO, CANTIDAD) VALUES (8.756313E7,80692.0,113.0,3.0);
--Fila 407
INSERT INTO PAGO.DETALLE (ID_DETALLE, ID_FACTURA, ID_PRODUCTO, CANTIDAD) VALUES (9.2852068E7,80607.0,115.0,5.0);
--Fila 408
INSERT INTO PAGO.DETALLE (ID_DETALLE, ID_FACTURA, ID_PRODUCTO, CANTIDAD) VALUES (4.0438693E7,80612.0,11.0,2.0);
--Fila 409
INSERT INTO PAGO.DETALLE (ID_DETALLE, ID_FACTURA, ID_PRODUCTO, CANTIDAD) VALUES (8.9982537E7,80641.0,3.0,1.0);
--Fila 410
INSERT INTO PAGO.DETALLE (ID_DETALLE, ID_FACTURA, ID_PRODUCTO, CANTIDAD) VALUES (5.5028475E7,80634.0,86.0,2.0);
--Fila 411
INSERT INTO PAGO.DETALLE (ID_DETALLE, ID_FACTURA, ID_PRODUCTO, CANTIDAD) VALUES (7.181317E7,80661.0,91.0,5.0);
--Fila 412
INSERT INTO PAGO.DETALLE (ID_DETALLE, ID_FACTURA, ID_PRODUCTO, CANTIDAD) VALUES (7.4335692E7,80560.0,89.0,1.0);
--Fila 413
INSERT INTO PAGO.DETALLE (ID_DETALLE, ID_FACTURA, ID_PRODUCTO, CANTIDAD) VALUES (6.4520053E7,80756.0,25.0,5.0);
--Fila 414
INSERT INTO PAGO.DETALLE (ID_DETALLE, ID_FACTURA, ID_PRODUCTO, CANTIDAD) VALUES (7.4956382E7,80598.0,90.0,5.0);
--Fila 415
INSERT INTO PAGO.DETALLE (ID_DETALLE, ID_FACTURA, ID_PRODUCTO, CANTIDAD) VALUES (3.3678012E7,80606.0,61.0,3.0);
--Fila 416
INSERT INTO PAGO.DETALLE (ID_DETALLE, ID_FACTURA, ID_PRODUCTO, CANTIDAD) VALUES (7.1043945E7,80634.0,53.0,5.0);
--Fila 417
INSERT INTO PAGO.DETALLE (ID_DETALLE, ID_FACTURA, ID_PRODUCTO, CANTIDAD) VALUES (3.305786E7,80558.0,34.0,1.0);
--Fila 418
INSERT INTO PAGO.DETALLE (ID_DETALLE, ID_FACTURA, ID_PRODUCTO, CANTIDAD) VALUES (5.3221564E7,80669.0,29.0,1.0);
--Fila 419
INSERT INTO PAGO.DETALLE (ID_DETALLE, ID_FACTURA, ID_PRODUCTO, CANTIDAD) VALUES (3.2328739E7,80565.0,31.0,1.0);
--Fila 420
INSERT INTO PAGO.DETALLE (ID_DETALLE, ID_FACTURA, ID_PRODUCTO, CANTIDAD) VALUES (9.2484324E7,80585.0,135.0,1.0);
--Fila 421
INSERT INTO PAGO.DETALLE (ID_DETALLE, ID_FACTURA, ID_PRODUCTO, CANTIDAD) VALUES (4.681722E7,80696.0,130.0,1.0);
--Fila 422
INSERT INTO PAGO.DETALLE (ID_DETALLE, ID_FACTURA, ID_PRODUCTO, CANTIDAD) VALUES (5.7472206E7,80511.0,91.0,3.0);
--Fila 423
INSERT INTO PAGO.DETALLE (ID_DETALLE, ID_FACTURA, ID_PRODUCTO, CANTIDAD) VALUES (2.9347907E7,80572.0,95.0,3.0);
--Fila 424
INSERT INTO PAGO.DETALLE (ID_DETALLE, ID_FACTURA, ID_PRODUCTO, CANTIDAD) VALUES (5.4841602E7,80535.0,120.0,5.0);
--Fila 425
INSERT INTO PAGO.DETALLE (ID_DETALLE, ID_FACTURA, ID_PRODUCTO, CANTIDAD) VALUES (4.0188429E7,80792.0,143.0,4.0);
--Fila 426
INSERT INTO PAGO.DETALLE (ID_DETALLE, ID_FACTURA, ID_PRODUCTO, CANTIDAD) VALUES (7.5172877E7,80585.0,5.0,2.0);
--Fila 427
INSERT INTO PAGO.DETALLE (ID_DETALLE, ID_FACTURA, ID_PRODUCTO, CANTIDAD) VALUES (4.1470786E7,80516.0,142.0,3.0);
--Fila 428
INSERT INTO PAGO.DETALLE (ID_DETALLE, ID_FACTURA, ID_PRODUCTO, CANTIDAD) VALUES (1.7312527E7,80646.0,51.0,2.0);
--Fila 429
INSERT INTO PAGO.DETALLE (ID_DETALLE, ID_FACTURA, ID_PRODUCTO, CANTIDAD) VALUES (4.6237821E7,80660.0,136.0,2.0);
--Fila 430
INSERT INTO PAGO.DETALLE (ID_DETALLE, ID_FACTURA, ID_PRODUCTO, CANTIDAD) VALUES (6.5261953E7,80573.0,90.0,2.0);
--Fila 431
INSERT INTO PAGO.DETALLE (ID_DETALLE, ID_FACTURA, ID_PRODUCTO, CANTIDAD) VALUES (3.7555037E7,80609.0,96.0,1.0);
--Fila 432
INSERT INTO PAGO.DETALLE (ID_DETALLE, ID_FACTURA, ID_PRODUCTO, CANTIDAD) VALUES (9.3071891E7,80653.0,32.0,5.0);
--Fila 433
INSERT INTO PAGO.DETALLE (ID_DETALLE, ID_FACTURA, ID_PRODUCTO, CANTIDAD) VALUES (3.9407959E7,80759.0,14.0,4.0);
--Fila 434
INSERT INTO PAGO.DETALLE (ID_DETALLE, ID_FACTURA, ID_PRODUCTO, CANTIDAD) VALUES (3.8270949E7,80502.0,54.0,2.0);
--Fila 435
INSERT INTO PAGO.DETALLE (ID_DETALLE, ID_FACTURA, ID_PRODUCTO, CANTIDAD) VALUES (3.2076684E7,80537.0,18.0,4.0);
--Fila 436
INSERT INTO PAGO.DETALLE (ID_DETALLE, ID_FACTURA, ID_PRODUCTO, CANTIDAD) VALUES (1.9205442E7,80676.0,93.0,5.0);
--Fila 437
INSERT INTO PAGO.DETALLE (ID_DETALLE, ID_FACTURA, ID_PRODUCTO, CANTIDAD) VALUES (6.3919964E7,80738.0,50.0,3.0);
--Fila 438
INSERT INTO PAGO.DETALLE (ID_DETALLE, ID_FACTURA, ID_PRODUCTO, CANTIDAD) VALUES (7.0122074E7,80514.0,60.0,4.0);
--Fila 439
INSERT INTO PAGO.DETALLE (ID_DETALLE, ID_FACTURA, ID_PRODUCTO, CANTIDAD) VALUES (3.1034923E7,80591.0,149.0,4.0);
--Fila 440
INSERT INTO PAGO.DETALLE (ID_DETALLE, ID_FACTURA, ID_PRODUCTO, CANTIDAD) VALUES (2.9889729E7,80505.0,21.0,1.0);
--Fila 441
INSERT INTO PAGO.DETALLE (ID_DETALLE, ID_FACTURA, ID_PRODUCTO, CANTIDAD) VALUES (5.5541936E7,80561.0,65.0,5.0);
--Fila 442
INSERT INTO PAGO.DETALLE (ID_DETALLE, ID_FACTURA, ID_PRODUCTO, CANTIDAD) VALUES (3.1750237E7,80579.0,20.0,2.0);
--Fila 443
INSERT INTO PAGO.DETALLE (ID_DETALLE, ID_FACTURA, ID_PRODUCTO, CANTIDAD) VALUES (7.4251981E7,80717.0,144.0,3.0);
--Fila 444
INSERT INTO PAGO.DETALLE (ID_DETALLE, ID_FACTURA, ID_PRODUCTO, CANTIDAD) VALUES (5.0909028E7,80747.0,68.0,2.0);
--Fila 445
INSERT INTO PAGO.DETALLE (ID_DETALLE, ID_FACTURA, ID_PRODUCTO, CANTIDAD) VALUES (8.8905198E7,80728.0,76.0,1.0);
--Fila 446
INSERT INTO PAGO.DETALLE (ID_DETALLE, ID_FACTURA, ID_PRODUCTO, CANTIDAD) VALUES (4.2061725E7,80609.0,13.0,3.0);
--Fila 447
INSERT INTO PAGO.DETALLE (ID_DETALLE, ID_FACTURA, ID_PRODUCTO, CANTIDAD) VALUES (4.0487122E7,80524.0,145.0,2.0);
--Fila 448
INSERT INTO PAGO.DETALLE (ID_DETALLE, ID_FACTURA, ID_PRODUCTO, CANTIDAD) VALUES (2.5081607E7,80605.0,64.0,1.0);
--Fila 449
INSERT INTO PAGO.DETALLE (ID_DETALLE, ID_FACTURA, ID_PRODUCTO, CANTIDAD) VALUES (2.5777673E7,80585.0,9.0,4.0);
--Fila 450
INSERT INTO PAGO.DETALLE (ID_DETALLE, ID_FACTURA, ID_PRODUCTO, CANTIDAD) VALUES (4.2035255E7,80724.0,97.0,5.0);
--Fila 451
INSERT INTO PAGO.DETALLE (ID_DETALLE, ID_FACTURA, ID_PRODUCTO, CANTIDAD) VALUES (4.8466289E7,80677.0,135.0,2.0);
--Fila 452
INSERT INTO PAGO.DETALLE (ID_DETALLE, ID_FACTURA, ID_PRODUCTO, CANTIDAD) VALUES (7.1915414E7,80624.0,23.0,3.0);
--Fila 453
INSERT INTO PAGO.DETALLE (ID_DETALLE, ID_FACTURA, ID_PRODUCTO, CANTIDAD) VALUES (8.580442E7,80711.0,97.0,3.0);
--Fila 454
INSERT INTO PAGO.DETALLE (ID_DETALLE, ID_FACTURA, ID_PRODUCTO, CANTIDAD) VALUES (4.6938005E7,80683.0,1.0,1.0);
--Fila 455
INSERT INTO PAGO.DETALLE (ID_DETALLE, ID_FACTURA, ID_PRODUCTO, CANTIDAD) VALUES (4.1828442E7,80791.0,44.0,2.0);
--Fila 456
INSERT INTO PAGO.DETALLE (ID_DETALLE, ID_FACTURA, ID_PRODUCTO, CANTIDAD) VALUES (6.363365E7,80738.0,13.0,3.0);
--Fila 457
INSERT INTO PAGO.DETALLE (ID_DETALLE, ID_FACTURA, ID_PRODUCTO, CANTIDAD) VALUES (4.8747771E7,80641.0,129.0,5.0);
--Fila 458
INSERT INTO PAGO.DETALLE (ID_DETALLE, ID_FACTURA, ID_PRODUCTO, CANTIDAD) VALUES (4.3273945E7,80754.0,116.0,2.0);
--Fila 459
INSERT INTO PAGO.DETALLE (ID_DETALLE, ID_FACTURA, ID_PRODUCTO, CANTIDAD) VALUES (3.5755228E7,80725.0,47.0,2.0);
--Fila 460
INSERT INTO PAGO.DETALLE (ID_DETALLE, ID_FACTURA, ID_PRODUCTO, CANTIDAD) VALUES (1.9174669E7,80743.0,87.0,3.0);
--Fila 461
INSERT INTO PAGO.DETALLE (ID_DETALLE, ID_FACTURA, ID_PRODUCTO, CANTIDAD) VALUES (1.7970807E7,80521.0,125.0,3.0);
--Fila 462
INSERT INTO PAGO.DETALLE (ID_DETALLE, ID_FACTURA, ID_PRODUCTO, CANTIDAD) VALUES (7.4685642E7,80748.0,26.0,3.0);
--Fila 463
INSERT INTO PAGO.DETALLE (ID_DETALLE, ID_FACTURA, ID_PRODUCTO, CANTIDAD) VALUES (9.3189038E7,80657.0,7.0,5.0);
--Fila 464
INSERT INTO PAGO.DETALLE (ID_DETALLE, ID_FACTURA, ID_PRODUCTO, CANTIDAD) VALUES (5.2145184E7,80625.0,103.0,5.0);
--Fila 465
INSERT INTO PAGO.DETALLE (ID_DETALLE, ID_FACTURA, ID_PRODUCTO, CANTIDAD) VALUES (7.9883556E7,80676.0,29.0,2.0);
--Fila 466
INSERT INTO PAGO.DETALLE (ID_DETALLE, ID_FACTURA, ID_PRODUCTO, CANTIDAD) VALUES (8.9976515E7,80605.0,14.0,4.0);
--Fila 467
INSERT INTO PAGO.DETALLE (ID_DETALLE, ID_FACTURA, ID_PRODUCTO, CANTIDAD) VALUES (6.3952746E7,80505.0,1.0,3.0);
--Fila 468
INSERT INTO PAGO.DETALLE (ID_DETALLE, ID_FACTURA, ID_PRODUCTO, CANTIDAD) VALUES (3.0564933E7,80622.0,1.0,1.0);
--Fila 469
INSERT INTO PAGO.DETALLE (ID_DETALLE, ID_FACTURA, ID_PRODUCTO, CANTIDAD) VALUES (3.6603807E7,80778.0,38.0,3.0);
--Fila 470
INSERT INTO PAGO.DETALLE (ID_DETALLE, ID_FACTURA, ID_PRODUCTO, CANTIDAD) VALUES (1.7771194E7,80715.0,46.0,4.0);
--Fila 471
INSERT INTO PAGO.DETALLE (ID_DETALLE, ID_FACTURA, ID_PRODUCTO, CANTIDAD) VALUES (8.1720971E7,80513.0,129.0,1.0);
--Fila 472
INSERT INTO PAGO.DETALLE (ID_DETALLE, ID_FACTURA, ID_PRODUCTO, CANTIDAD) VALUES (4.5748255E7,80661.0,114.0,4.0);
--Fila 473
INSERT INTO PAGO.DETALLE (ID_DETALLE, ID_FACTURA, ID_PRODUCTO, CANTIDAD) VALUES (2.3612127E7,80666.0,85.0,3.0);
--Fila 474
INSERT INTO PAGO.DETALLE (ID_DETALLE, ID_FACTURA, ID_PRODUCTO, CANTIDAD) VALUES (7.0041796E7,80740.0,36.0,2.0);
--Fila 475
INSERT INTO PAGO.DETALLE (ID_DETALLE, ID_FACTURA, ID_PRODUCTO, CANTIDAD) VALUES (1.9343701E7,80743.0,102.0,3.0);
--Fila 476
INSERT INTO PAGO.DETALLE (ID_DETALLE, ID_FACTURA, ID_PRODUCTO, CANTIDAD) VALUES (5.0603428E7,80569.0,96.0,2.0);
--Fila 477
INSERT INTO PAGO.DETALLE (ID_DETALLE, ID_FACTURA, ID_PRODUCTO, CANTIDAD) VALUES (1.9570941E7,80770.0,2.0,5.0);
--Fila 478
INSERT INTO PAGO.DETALLE (ID_DETALLE, ID_FACTURA, ID_PRODUCTO, CANTIDAD) VALUES (8.4556455E7,80590.0,49.0,2.0);
--Fila 479
INSERT INTO PAGO.DETALLE (ID_DETALLE, ID_FACTURA, ID_PRODUCTO, CANTIDAD) VALUES (4.4882737E7,80774.0,113.0,5.0);
--Fila 480
INSERT INTO PAGO.DETALLE (ID_DETALLE, ID_FACTURA, ID_PRODUCTO, CANTIDAD) VALUES (2.6821643E7,80666.0,30.0,4.0);
--Fila 481
INSERT INTO PAGO.DETALLE (ID_DETALLE, ID_FACTURA, ID_PRODUCTO, CANTIDAD) VALUES (5.6426753E7,80598.0,75.0,4.0);
--Fila 482
INSERT INTO PAGO.DETALLE (ID_DETALLE, ID_FACTURA, ID_PRODUCTO, CANTIDAD) VALUES (3.6819726E7,80669.0,29.0,3.0);
--Fila 483
INSERT INTO PAGO.DETALLE (ID_DETALLE, ID_FACTURA, ID_PRODUCTO, CANTIDAD) VALUES (4.7994849E7,80698.0,11.0,5.0);
--Fila 484
INSERT INTO PAGO.DETALLE (ID_DETALLE, ID_FACTURA, ID_PRODUCTO, CANTIDAD) VALUES (8.3784939E7,80650.0,128.0,2.0);
--Fila 485
INSERT INTO PAGO.DETALLE (ID_DETALLE, ID_FACTURA, ID_PRODUCTO, CANTIDAD) VALUES (8.0713863E7,80779.0,26.0,4.0);
--Fila 486
INSERT INTO PAGO.DETALLE (ID_DETALLE, ID_FACTURA, ID_PRODUCTO, CANTIDAD) VALUES (4.9289023E7,80717.0,116.0,2.0);
--Fila 487
INSERT INTO PAGO.DETALLE (ID_DETALLE, ID_FACTURA, ID_PRODUCTO, CANTIDAD) VALUES (3.0213931E7,80527.0,23.0,1.0);
--Fila 488
INSERT INTO PAGO.DETALLE (ID_DETALLE, ID_FACTURA, ID_PRODUCTO, CANTIDAD) VALUES (3.9550389E7,80532.0,139.0,4.0);
--Fila 489
INSERT INTO PAGO.DETALLE (ID_DETALLE, ID_FACTURA, ID_PRODUCTO, CANTIDAD) VALUES (4.0699465E7,80595.0,7.0,4.0);
--Fila 490
INSERT INTO PAGO.DETALLE (ID_DETALLE, ID_FACTURA, ID_PRODUCTO, CANTIDAD) VALUES (3.9463348E7,80592.0,57.0,2.0);
--Fila 491
INSERT INTO PAGO.DETALLE (ID_DETALLE, ID_FACTURA, ID_PRODUCTO, CANTIDAD) VALUES (5.3754872E7,80729.0,77.0,3.0);
--Fila 492
INSERT INTO PAGO.DETALLE (ID_DETALLE, ID_FACTURA, ID_PRODUCTO, CANTIDAD) VALUES (7.8880483E7,80510.0,43.0,1.0);
--Fila 493
INSERT INTO PAGO.DETALLE (ID_DETALLE, ID_FACTURA, ID_PRODUCTO, CANTIDAD) VALUES (6.5380927E7,80537.0,8.0,2.0);
--Fila 494
INSERT INTO PAGO.DETALLE (ID_DETALLE, ID_FACTURA, ID_PRODUCTO, CANTIDAD) VALUES (4.7679984E7,80778.0,93.0,4.0);
--Fila 495
INSERT INTO PAGO.DETALLE (ID_DETALLE, ID_FACTURA, ID_PRODUCTO, CANTIDAD) VALUES (5.0223437E7,80708.0,107.0,1.0);
--Fila 496
INSERT INTO PAGO.DETALLE (ID_DETALLE, ID_FACTURA, ID_PRODUCTO, CANTIDAD) VALUES (6.1895747E7,80534.0,14.0,2.0);
--Fila 497
INSERT INTO PAGO.DETALLE (ID_DETALLE, ID_FACTURA, ID_PRODUCTO, CANTIDAD) VALUES (7.168225E7,80728.0,117.0,5.0);
--Fila 498
INSERT INTO PAGO.DETALLE (ID_DETALLE, ID_FACTURA, ID_PRODUCTO, CANTIDAD) VALUES (7.4780807E7,80746.0,140.0,2.0);
--Fila 499
INSERT INTO PAGO.DETALLE (ID_DETALLE, ID_FACTURA, ID_PRODUCTO, CANTIDAD) VALUES (6.086901E7,80630.0,29.0,1.0);
--Fila 500
INSERT INTO PAGO.DETALLE (ID_DETALLE, ID_FACTURA, ID_PRODUCTO, CANTIDAD) VALUES (3.8111731E7,80565.0,25.0,3.0);
--Fila 501
INSERT INTO PAGO.DETALLE (ID_DETALLE, ID_FACTURA, ID_PRODUCTO, CANTIDAD) VALUES (5.2629625E7,80569.0,125.0,4.0);
--Fila 502
INSERT INTO PAGO.DETALLE (ID_DETALLE, ID_FACTURA, ID_PRODUCTO, CANTIDAD) VALUES (6.4575071E7,80543.0,6.0,5.0);



--Fila 1
INSERT INTO PAGO.CATEGORIA (ID_CATEGORIA, NOMBRE, DESCRIPCION) VALUES (id_categoria,'nombre','descripcion ');
--Fila 2
INSERT INTO PAGO.CATEGORIA (ID_CATEGORIA, NOMBRE, DESCRIPCION) VALUES (1.0,'Beb','Hecho de material no txico');
--Fila 3
INSERT INTO PAGO.CATEGORIA (ID_CATEGORIA, NOMBRE, DESCRIPCION) VALUES (2.0,'Nio','Resistente a golpes');
--Fila 4
INSERT INTO PAGO.CATEGORIA (ID_CATEGORIA, NOMBRE, DESCRIPCION) VALUES (3.0,'Adulto','Pasar momentos agradables');
--Fila 5
INSERT INTO PAGO.CATEGORIA (ID_CATEGORIA, NOMBRE, DESCRIPCION) VALUES (4.0,'Anciano','Nunca estar solo');



--Fila 1
INSERT INTO PAGO.DETALLE (ID_DETALLE, ID_FACTURA, ID_PRODUCTO, CANTIDAD) VALUES (num_detalle,id_factura,id_producto,cantidad);
--Fila 2
INSERT INTO PAGO.DETALLE (ID_DETALLE, ID_FACTURA, ID_PRODUCTO, CANTIDAD) VALUES (7.9532009E7,80767.0,49.0,4.0);
--Fila 3
INSERT INTO PAGO.DETALLE (ID_DETALLE, ID_FACTURA, ID_PRODUCTO, CANTIDAD) VALUES (5.0088872E7,80745.0,81.0,3.0);
--Fila 4
INSERT INTO PAGO.DETALLE (ID_DETALLE, ID_FACTURA, ID_PRODUCTO, CANTIDAD) VALUES (6.4402449E7,80721.0,47.0,5.0);
--Fila 5
INSERT INTO PAGO.DETALLE (ID_DETALLE, ID_FACTURA, ID_PRODUCTO, CANTIDAD) VALUES (9.209376E7,80527.0,25.0,4.0);
--Fila 6
INSERT INTO PAGO.DETALLE (ID_DETALLE, ID_FACTURA, ID_PRODUCTO, CANTIDAD) VALUES (8.3781103E7,80539.0,15.0,4.0);
--Fila 7
INSERT INTO PAGO.DETALLE (ID_DETALLE, ID_FACTURA, ID_PRODUCTO, CANTIDAD) VALUES (4.0334038E7,80795.0,87.0,5.0);
--Fila 8
INSERT INTO PAGO.DETALLE (ID_DETALLE, ID_FACTURA, ID_PRODUCTO, CANTIDAD) VALUES (7.3897921E7,80688.0,112.0,2.0);
--Fila 9
INSERT INTO PAGO.DETALLE (ID_DETALLE, ID_FACTURA, ID_PRODUCTO, CANTIDAD) VALUES (5.9604859E7,80510.0,86.0,2.0);
--Fila 10
INSERT INTO PAGO.DETALLE (ID_DETALLE, ID_FACTURA, ID_PRODUCTO, CANTIDAD) VALUES (7.1433787E7,80709.0,4.0,3.0);
--Fila 11
INSERT INTO PAGO.DETALLE (ID_DETALLE, ID_FACTURA, ID_PRODUCTO, CANTIDAD) VALUES (8.8517295E7,80582.0,42.0,4.0);
--Fila 12
INSERT INTO PAGO.DETALLE (ID_DETALLE, ID_FACTURA, ID_PRODUCTO, CANTIDAD) VALUES (2.250911E7,80624.0,100.0,1.0);
--Fila 13
INSERT INTO PAGO.DETALLE (ID_DETALLE, ID_FACTURA, ID_PRODUCTO, CANTIDAD) VALUES (3.3191217E7,80504.0,111.0,1.0);
--Fila 14
INSERT INTO PAGO.DETALLE (ID_DETALLE, ID_FACTURA, ID_PRODUCTO, CANTIDAD) VALUES (3.3399838E7,80726.0,7.0,3.0);
--Fila 15
INSERT INTO PAGO.DETALLE (ID_DETALLE, ID_FACTURA, ID_PRODUCTO, CANTIDAD) VALUES (3.6847656E7,80605.0,67.0,4.0);
--Fila 16
INSERT INTO PAGO.DETALLE (ID_DETALLE, ID_FACTURA, ID_PRODUCTO, CANTIDAD) VALUES (5.0667167E7,80662.0,113.0,4.0);
--Fila 17
INSERT INTO PAGO.DETALLE (ID_DETALLE, ID_FACTURA, ID_PRODUCTO, CANTIDAD) VALUES (4.3601827E7,80666.0,87.0,2.0);
--Fila 18
INSERT INTO PAGO.DETALLE (ID_DETALLE, ID_FACTURA, ID_PRODUCTO, CANTIDAD) VALUES (3.0341377E7,80648.0,51.0,2.0);
--Fila 19
INSERT INTO PAGO.DETALLE (ID_DETALLE, ID_FACTURA, ID_PRODUCTO, CANTIDAD) VALUES (6.8844715E7,80585.0,113.0,4.0);
--Fila 20
INSERT INTO PAGO.DETALLE (ID_DETALLE, ID_FACTURA, ID_PRODUCTO, CANTIDAD) VALUES (8.1065039E7,80656.0,14.0,2.0);
--Fila 21
INSERT INTO PAGO.DETALLE (ID_DETALLE, ID_FACTURA, ID_PRODUCTO, CANTIDAD) VALUES (8.057783E7,80622.0,126.0,3.0);
--Fila 22
INSERT INTO PAGO.DETALLE (ID_DETALLE, ID_FACTURA, ID_PRODUCTO, CANTIDAD) VALUES (2.2791407E7,80733.0,36.0,4.0);
--Fila 23
INSERT INTO PAGO.DETALLE (ID_DETALLE, ID_FACTURA, ID_PRODUCTO, CANTIDAD) VALUES (3.2225986E7,80696.0,65.0,1.0);
--Fila 24
INSERT INTO PAGO.DETALLE (ID_DETALLE, ID_FACTURA, ID_PRODUCTO, CANTIDAD) VALUES (4.9586304E7,80546.0,134.0,1.0);
--Fila 25
INSERT INTO PAGO.DETALLE (ID_DETALLE, ID_FACTURA, ID_PRODUCTO, CANTIDAD) VALUES (2.7257502E7,80693.0,17.0,2.0);
--Fila 26
INSERT INTO PAGO.DETALLE (ID_DETALLE, ID_FACTURA, ID_PRODUCTO, CANTIDAD) VALUES (8.6997231E7,80663.0,142.0,4.0);
--Fila 27
INSERT INTO PAGO.DETALLE (ID_DETALLE, ID_FACTURA, ID_PRODUCTO, CANTIDAD) VALUES (8.3384653E7,80640.0,94.0,5.0);
--Fila 28
INSERT INTO PAGO.DETALLE (ID_DETALLE, ID_FACTURA, ID_PRODUCTO, CANTIDAD) VALUES (2.9051215E7,80602.0,35.0,2.0);
--Fila 29
INSERT INTO PAGO.DETALLE (ID_DETALLE, ID_FACTURA, ID_PRODUCTO, CANTIDAD) VALUES (3.0057302E7,80617.0,57.0,4.0);
--Fila 30
INSERT INTO PAGO.DETALLE (ID_DETALLE, ID_FACTURA, ID_PRODUCTO, CANTIDAD) VALUES (4.8224106E7,80744.0,109.0,4.0);
--Fila 31
INSERT INTO PAGO.DETALLE (ID_DETALLE, ID_FACTURA, ID_PRODUCTO, CANTIDAD) VALUES (7.5310225E7,80613.0,70.0,5.0);
--Fila 32
INSERT INTO PAGO.DETALLE (ID_DETALLE, ID_FACTURA, ID_PRODUCTO, CANTIDAD) VALUES (9.2875272E7,80533.0,8.0,4.0);
--Fila 33
INSERT INTO PAGO.DETALLE (ID_DETALLE, ID_FACTURA, ID_PRODUCTO, CANTIDAD) VALUES (8.9956683E7,80774.0,123.0,5.0);
--Fila 34
INSERT INTO PAGO.DETALLE (ID_DETALLE, ID_FACTURA, ID_PRODUCTO, CANTIDAD) VALUES (6.9943957E7,80765.0,24.0,2.0);
--Fila 35
INSERT INTO PAGO.DETALLE (ID_DETALLE, ID_FACTURA, ID_PRODUCTO, CANTIDAD) VALUES (7.0475383E7,80662.0,73.0,3.0);
--Fila 36
INSERT INTO PAGO.DETALLE (ID_DETALLE, ID_FACTURA, ID_PRODUCTO, CANTIDAD) VALUES (1.7908887E7,80671.0,39.0,2.0);
--Fila 37
INSERT INTO PAGO.DETALLE (ID_DETALLE, ID_FACTURA, ID_PRODUCTO, CANTIDAD) VALUES (8.2166078E7,80593.0,47.0,3.0);
--Fila 38
INSERT INTO PAGO.DETALLE (ID_DETALLE, ID_FACTURA, ID_PRODUCTO, CANTIDAD) VALUES (7.1776452E7,80703.0,81.0,2.0);
--Fila 39
INSERT INTO PAGO.DETALLE (ID_DETALLE, ID_FACTURA, ID_PRODUCTO, CANTIDAD) VALUES (2.4926601E7,80775.0,69.0,2.0);
--Fila 40
INSERT INTO PAGO.DETALLE (ID_DETALLE, ID_FACTURA, ID_PRODUCTO, CANTIDAD) VALUES (4.8357773E7,80510.0,53.0,3.0);
--Fila 41
INSERT INTO PAGO.DETALLE (ID_DETALLE, ID_FACTURA, ID_PRODUCTO, CANTIDAD) VALUES (2.6592907E7,80715.0,74.0,1.0);
--Fila 42
INSERT INTO PAGO.DETALLE (ID_DETALLE, ID_FACTURA, ID_PRODUCTO, CANTIDAD) VALUES (5.44127E7,80571.0,100.0,4.0);
--Fila 43
INSERT INTO PAGO.DETALLE (ID_DETALLE, ID_FACTURA, ID_PRODUCTO, CANTIDAD) VALUES (7.7342188E7,80724.0,6.0,1.0);
--Fila 44
INSERT INTO PAGO.DETALLE (ID_DETALLE, ID_FACTURA, ID_PRODUCTO, CANTIDAD) VALUES (8.4650467E7,80628.0,21.0,2.0);
--Fila 45
INSERT INTO PAGO.DETALLE (ID_DETALLE, ID_FACTURA, ID_PRODUCTO, CANTIDAD) VALUES (7.724673E7,80664.0,41.0,5.0);
--Fila 46
INSERT INTO PAGO.DETALLE (ID_DETALLE, ID_FACTURA, ID_PRODUCTO, CANTIDAD) VALUES (7.7251561E7,80630.0,101.0,2.0);
--Fila 47
INSERT INTO PAGO.DETALLE (ID_DETALLE, ID_FACTURA, ID_PRODUCTO, CANTIDAD) VALUES (4.886282E7,80587.0,122.0,4.0);
--Fila 48
INSERT INTO PAGO.DETALLE (ID_DETALLE, ID_FACTURA, ID_PRODUCTO, CANTIDAD) VALUES (5.7699148E7,80672.0,117.0,1.0);
--Fila 49
INSERT INTO PAGO.DETALLE (ID_DETALLE, ID_FACTURA, ID_PRODUCTO, CANTIDAD) VALUES (5.944096E7,80676.0,7.0,3.0);
--Fila 50
INSERT INTO PAGO.DETALLE (ID_DETALLE, ID_FACTURA, ID_PRODUCTO, CANTIDAD) VALUES (8.7146594E7,80722.0,70.0,5.0);
--Fila 51
INSERT INTO PAGO.DETALLE (ID_DETALLE, ID_FACTURA, ID_PRODUCTO, CANTIDAD) VALUES (7.0780282E7,80720.0,44.0,1.0);
--Fila 52
INSERT INTO PAGO.DETALLE (ID_DETALLE, ID_FACTURA, ID_PRODUCTO, CANTIDAD) VALUES (7.3502446E7,80508.0,49.0,2.0);
--Fila 53
INSERT INTO PAGO.DETALLE (ID_DETALLE, ID_FACTURA, ID_PRODUCTO, CANTIDAD) VALUES (5.7209183E7,80718.0,110.0,2.0);
--Fila 54
INSERT INTO PAGO.DETALLE (ID_DETALLE, ID_FACTURA, ID_PRODUCTO, CANTIDAD) VALUES (9.2295404E7,80713.0,108.0,2.0);
--Fila 55
INSERT INTO PAGO.DETALLE (ID_DETALLE, ID_FACTURA, ID_PRODUCTO, CANTIDAD) VALUES (2.9743594E7,80644.0,128.0,5.0);
--Fila 56
INSERT INTO PAGO.DETALLE (ID_DETALLE, ID_FACTURA, ID_PRODUCTO, CANTIDAD) VALUES (1.7737637E7,80552.0,150.0,4.0);
--Fila 57
INSERT INTO PAGO.DETALLE (ID_DETALLE, ID_FACTURA, ID_PRODUCTO, CANTIDAD) VALUES (6.9500548E7,80582.0,19.0,1.0);
--Fila 58
INSERT INTO PAGO.DETALLE (ID_DETALLE, ID_FACTURA, ID_PRODUCTO, CANTIDAD) VALUES (8.0100997E7,80760.0,137.0,5.0);
--Fila 59
INSERT INTO PAGO.DETALLE (ID_DETALLE, ID_FACTURA, ID_PRODUCTO, CANTIDAD) VALUES (5.1562072E7,80574.0,30.0,2.0);
--Fila 60
INSERT INTO PAGO.DETALLE (ID_DETALLE, ID_FACTURA, ID_PRODUCTO, CANTIDAD) VALUES (2.1412691E7,80623.0,137.0,3.0);
--Fila 61
INSERT INTO PAGO.DETALLE (ID_DETALLE, ID_FACTURA, ID_PRODUCTO, CANTIDAD) VALUES (7.8973893E7,80728.0,70.0,2.0);
--Fila 62
INSERT INTO PAGO.DETALLE (ID_DETALLE, ID_FACTURA, ID_PRODUCTO, CANTIDAD) VALUES (3.7487736E7,80613.0,135.0,2.0);
--Fila 63
INSERT INTO PAGO.DETALLE (ID_DETALLE, ID_FACTURA, ID_PRODUCTO, CANTIDAD) VALUES (1.6981192E7,80595.0,84.0,3.0);
--Fila 64
INSERT INTO PAGO.DETALLE (ID_DETALLE, ID_FACTURA, ID_PRODUCTO, CANTIDAD) VALUES (7.3974444E7,80521.0,0.0,3.0);
--Fila 65
INSERT INTO PAGO.DETALLE (ID_DETALLE, ID_FACTURA, ID_PRODUCTO, CANTIDAD) VALUES (6.1819329E7,80701.0,121.0,3.0);
--Fila 66
INSERT INTO PAGO.DETALLE (ID_DETALLE, ID_FACTURA, ID_PRODUCTO, CANTIDAD) VALUES (4.6225663E7,80764.0,1.0,1.0);
--Fila 67
INSERT INTO PAGO.DETALLE (ID_DETALLE, ID_FACTURA, ID_PRODUCTO, CANTIDAD) VALUES (5.8851992E7,80533.0,116.0,5.0);
--Fila 68
INSERT INTO PAGO.DETALLE (ID_DETALLE, ID_FACTURA, ID_PRODUCTO, CANTIDAD) VALUES (5.6060828E7,80620.0,13.0,4.0);
--Fila 69
INSERT INTO PAGO.DETALLE (ID_DETALLE, ID_FACTURA, ID_PRODUCTO, CANTIDAD) VALUES (9.252329E7,80730.0,139.0,1.0);
--Fila 70
INSERT INTO PAGO.DETALLE (ID_DETALLE, ID_FACTURA, ID_PRODUCTO, CANTIDAD) VALUES (8.5036789E7,80747.0,86.0,5.0);
--Fila 71
INSERT INTO PAGO.DETALLE (ID_DETALLE, ID_FACTURA, ID_PRODUCTO, CANTIDAD) VALUES (9.0840598E7,80764.0,23.0,1.0);
--Fila 72
INSERT INTO PAGO.DETALLE (ID_DETALLE, ID_FACTURA, ID_PRODUCTO, CANTIDAD) VALUES (5.6459526E7,80669.0,105.0,4.0);
--Fila 73
INSERT INTO PAGO.DETALLE (ID_DETALLE, ID_FACTURA, ID_PRODUCTO, CANTIDAD) VALUES (5.3789547E7,80786.0,125.0,2.0);
--Fila 74
INSERT INTO PAGO.DETALLE (ID_DETALLE, ID_FACTURA, ID_PRODUCTO, CANTIDAD) VALUES (1.9653488E7,80694.0,115.0,2.0);
--Fila 75
INSERT INTO PAGO.DETALLE (ID_DETALLE, ID_FACTURA, ID_PRODUCTO, CANTIDAD) VALUES (5.2860085E7,80770.0,139.0,1.0);
--Fila 76
INSERT INTO PAGO.DETALLE (ID_DETALLE, ID_FACTURA, ID_PRODUCTO, CANTIDAD) VALUES (3.6819552E7,80791.0,138.0,2.0);
--Fila 77
INSERT INTO PAGO.DETALLE (ID_DETALLE, ID_FACTURA, ID_PRODUCTO, CANTIDAD) VALUES (8.1606616E7,80708.0,106.0,5.0);
--Fila 78
INSERT INTO PAGO.DETALLE (ID_DETALLE, ID_FACTURA, ID_PRODUCTO, CANTIDAD) VALUES (6.5133605E7,80670.0,128.0,3.0);
--Fila 79
INSERT INTO PAGO.DETALLE (ID_DETALLE, ID_FACTURA, ID_PRODUCTO, CANTIDAD) VALUES (3.5727122E7,80570.0,69.0,2.0);
--Fila 80
INSERT INTO PAGO.DETALLE (ID_DETALLE, ID_FACTURA, ID_PRODUCTO, CANTIDAD) VALUES (8.1035143E7,80588.0,149.0,2.0);
--Fila 81
INSERT INTO PAGO.DETALLE (ID_DETALLE, ID_FACTURA, ID_PRODUCTO, CANTIDAD) VALUES (9.2375623E7,80542.0,89.0,5.0);
--Fila 82
INSERT INTO PAGO.DETALLE (ID_DETALLE, ID_FACTURA, ID_PRODUCTO, CANTIDAD) VALUES (7.8750241E7,80740.0,8.0,2.0);
--Fila 83
INSERT INTO PAGO.DETALLE (ID_DETALLE, ID_FACTURA, ID_PRODUCTO, CANTIDAD) VALUES (4.7706141E7,80684.0,139.0,5.0);
--Fila 84
INSERT INTO PAGO.DETALLE (ID_DETALLE, ID_FACTURA, ID_PRODUCTO, CANTIDAD) VALUES (5.2512874E7,80751.0,148.0,2.0);
--Fila 85
INSERT INTO PAGO.DETALLE (ID_DETALLE, ID_FACTURA, ID_PRODUCTO, CANTIDAD) VALUES (2.0705572E7,80687.0,112.0,4.0);
--Fila 86
INSERT INTO PAGO.DETALLE (ID_DETALLE, ID_FACTURA, ID_PRODUCTO, CANTIDAD) VALUES (3.4786245E7,80594.0,79.0,4.0);
--Fila 87
INSERT INTO PAGO.DETALLE (ID_DETALLE, ID_FACTURA, ID_PRODUCTO, CANTIDAD) VALUES (1.9054759E7,80694.0,103.0,1.0);
--Fila 88
INSERT INTO PAGO.DETALLE (ID_DETALLE, ID_FACTURA, ID_PRODUCTO, CANTIDAD) VALUES (5.5459473E7,80503.0,144.0,1.0);
--Fila 89
INSERT INTO PAGO.DETALLE (ID_DETALLE, ID_FACTURA, ID_PRODUCTO, CANTIDAD) VALUES (7.7792075E7,80583.0,58.0,5.0);
--Fila 90
INSERT INTO PAGO.DETALLE (ID_DETALLE, ID_FACTURA, ID_PRODUCTO, CANTIDAD) VALUES (4.8710772E7,80500.0,32.0,4.0);
--Fila 91
INSERT INTO PAGO.DETALLE (ID_DETALLE, ID_FACTURA, ID_PRODUCTO, CANTIDAD) VALUES (3.5905484E7,80665.0,148.0,1.0);
--Fila 92
INSERT INTO PAGO.DETALLE (ID_DETALLE, ID_FACTURA, ID_PRODUCTO, CANTIDAD) VALUES (4.0962624E7,80723.0,86.0,1.0);
--Fila 93
INSERT INTO PAGO.DETALLE (ID_DETALLE, ID_FACTURA, ID_PRODUCTO, CANTIDAD) VALUES (8.2100757E7,80779.0,74.0,1.0);
--Fila 94
INSERT INTO PAGO.DETALLE (ID_DETALLE, ID_FACTURA, ID_PRODUCTO, CANTIDAD) VALUES (8.1654767E7,80617.0,138.0,3.0);
--Fila 95
INSERT INTO PAGO.DETALLE (ID_DETALLE, ID_FACTURA, ID_PRODUCTO, CANTIDAD) VALUES (8.9691426E7,80772.0,29.0,4.0);
--Fila 96
INSERT INTO PAGO.DETALLE (ID_DETALLE, ID_FACTURA, ID_PRODUCTO, CANTIDAD) VALUES (7.9773127E7,80556.0,103.0,2.0);
--Fila 97
INSERT INTO PAGO.DETALLE (ID_DETALLE, ID_FACTURA, ID_PRODUCTO, CANTIDAD) VALUES (5.7558537E7,80766.0,99.0,3.0);
--Fila 98
INSERT INTO PAGO.DETALLE (ID_DETALLE, ID_FACTURA, ID_PRODUCTO, CANTIDAD) VALUES (7.1747872E7,80693.0,128.0,5.0);
--Fila 99
INSERT INTO PAGO.DETALLE (ID_DETALLE, ID_FACTURA, ID_PRODUCTO, CANTIDAD) VALUES (3.1804046E7,80800.0,15.0,3.0);
--Fila 100
INSERT INTO PAGO.DETALLE (ID_DETALLE, ID_FACTURA, ID_PRODUCTO, CANTIDAD) VALUES (8.2174604E7,80752.0,147.0,1.0);
--Fila 101
INSERT INTO PAGO.DETALLE (ID_DETALLE, ID_FACTURA, ID_PRODUCTO, CANTIDAD) VALUES (8.455968E7,80546.0,16.0,4.0);
--Fila 102
INSERT INTO PAGO.DETALLE (ID_DETALLE, ID_FACTURA, ID_PRODUCTO, CANTIDAD) VALUES (5.6064187E7,80713.0,110.0,1.0);
--Fila 103
INSERT INTO PAGO.DETALLE (ID_DETALLE, ID_FACTURA, ID_PRODUCTO, CANTIDAD) VALUES (2.5664771E7,80563.0,73.0,3.0);
--Fila 104
INSERT INTO PAGO.DETALLE (ID_DETALLE, ID_FACTURA, ID_PRODUCTO, CANTIDAD) VALUES (8.8076565E7,80622.0,19.0,1.0);
--Fila 105
INSERT INTO PAGO.DETALLE (ID_DETALLE, ID_FACTURA, ID_PRODUCTO, CANTIDAD) VALUES (7.7073532E7,80785.0,53.0,4.0);
--Fila 106
INSERT INTO PAGO.DETALLE (ID_DETALLE, ID_FACTURA, ID_PRODUCTO, CANTIDAD) VALUES (3.3503078E7,80605.0,100.0,1.0);
--Fila 107
INSERT INTO PAGO.DETALLE (ID_DETALLE, ID_FACTURA, ID_PRODUCTO, CANTIDAD) VALUES (3.3444992E7,80675.0,86.0,1.0);
--Fila 108
INSERT INTO PAGO.DETALLE (ID_DETALLE, ID_FACTURA, ID_PRODUCTO, CANTIDAD) VALUES (4.1792046E7,80750.0,26.0,5.0);
--Fila 109
INSERT INTO PAGO.DETALLE (ID_DETALLE, ID_FACTURA, ID_PRODUCTO, CANTIDAD) VALUES (3.0706831E7,80707.0,66.0,2.0);
--Fila 110
INSERT INTO PAGO.DETALLE (ID_DETALLE, ID_FACTURA, ID_PRODUCTO, CANTIDAD) VALUES (3.2599162E7,80633.0,139.0,3.0);
--Fila 111
INSERT INTO PAGO.DETALLE (ID_DETALLE, ID_FACTURA, ID_PRODUCTO, CANTIDAD) VALUES (2.8080011E7,80571.0,119.0,2.0);
--Fila 112
INSERT INTO PAGO.DETALLE (ID_DETALLE, ID_FACTURA, ID_PRODUCTO, CANTIDAD) VALUES (4.3463372E7,80624.0,20.0,2.0);
--Fila 113
INSERT INTO PAGO.DETALLE (ID_DETALLE, ID_FACTURA, ID_PRODUCTO, CANTIDAD) VALUES (2.9112765E7,80557.0,45.0,4.0);
--Fila 114
INSERT INTO PAGO.DETALLE (ID_DETALLE, ID_FACTURA, ID_PRODUCTO, CANTIDAD) VALUES (2.2496282E7,80520.0,14.0,1.0);
--Fila 115
INSERT INTO PAGO.DETALLE (ID_DETALLE, ID_FACTURA, ID_PRODUCTO, CANTIDAD) VALUES (2.7877521E7,80536.0,95.0,3.0);
--Fila 116
INSERT INTO PAGO.DETALLE (ID_DETALLE, ID_FACTURA, ID_PRODUCTO, CANTIDAD) VALUES (8.4548408E7,80635.0,15.0,4.0);
--Fila 117
INSERT INTO PAGO.DETALLE (ID_DETALLE, ID_FACTURA, ID_PRODUCTO, CANTIDAD) VALUES (6.4080755E7,80537.0,100.0,4.0);
--Fila 118
INSERT INTO PAGO.DETALLE (ID_DETALLE, ID_FACTURA, ID_PRODUCTO, CANTIDAD) VALUES (8.5824351E7,80516.0,98.0,3.0);
--Fila 119
INSERT INTO PAGO.DETALLE (ID_DETALLE, ID_FACTURA, ID_PRODUCTO, CANTIDAD) VALUES (5.2087284E7,80529.0,50.0,3.0);
--Fila 120
INSERT INTO PAGO.DETALLE (ID_DETALLE, ID_FACTURA, ID_PRODUCTO, CANTIDAD) VALUES (8.7946538E7,80550.0,108.0,3.0);
--Fila 121
INSERT INTO PAGO.DETALLE (ID_DETALLE, ID_FACTURA, ID_PRODUCTO, CANTIDAD) VALUES (3.2948938E7,80525.0,132.0,5.0);
--Fila 122
INSERT INTO PAGO.DETALLE (ID_DETALLE, ID_FACTURA, ID_PRODUCTO, CANTIDAD) VALUES (2.4290467E7,80796.0,109.0,3.0);
--Fila 123
INSERT INTO PAGO.DETALLE (ID_DETALLE, ID_FACTURA, ID_PRODUCTO, CANTIDAD) VALUES (7.8591052E7,80758.0,62.0,1.0);
--Fila 124
INSERT INTO PAGO.DETALLE (ID_DETALLE, ID_FACTURA, ID_PRODUCTO, CANTIDAD) VALUES (8.0936271E7,80764.0,88.0,4.0);
--Fila 125
INSERT INTO PAGO.DETALLE (ID_DETALLE, ID_FACTURA, ID_PRODUCTO, CANTIDAD) VALUES (8.5937221E7,80668.0,101.0,3.0);
--Fila 126
INSERT INTO PAGO.DETALLE (ID_DETALLE, ID_FACTURA, ID_PRODUCTO, CANTIDAD) VALUES (8.3738162E7,80744.0,8.0,3.0);
--Fila 127
INSERT INTO PAGO.DETALLE (ID_DETALLE, ID_FACTURA, ID_PRODUCTO, CANTIDAD) VALUES (3.9250825E7,80743.0,87.0,4.0);
--Fila 128
INSERT INTO PAGO.DETALLE (ID_DETALLE, ID_FACTURA, ID_PRODUCTO, CANTIDAD) VALUES (4.7338336E7,80590.0,41.0,1.0);
--Fila 129
INSERT INTO PAGO.DETALLE (ID_DETALLE, ID_FACTURA, ID_PRODUCTO, CANTIDAD) VALUES (3.3364189E7,80758.0,49.0,2.0);
--Fila 130
INSERT INTO PAGO.DETALLE (ID_DETALLE, ID_FACTURA, ID_PRODUCTO, CANTIDAD) VALUES (2.1924814E7,80596.0,50.0,5.0);
--Fila 131
INSERT INTO PAGO.DETALLE (ID_DETALLE, ID_FACTURA, ID_PRODUCTO, CANTIDAD) VALUES (5.6481231E7,80519.0,44.0,4.0);
--Fila 132
INSERT INTO PAGO.DETALLE (ID_DETALLE, ID_FACTURA, ID_PRODUCTO, CANTIDAD) VALUES (7.0768362E7,80730.0,58.0,4.0);
--Fila 133
INSERT INTO PAGO.DETALLE (ID_DETALLE, ID_FACTURA, ID_PRODUCTO, CANTIDAD) VALUES (2.2217935E7,80719.0,111.0,5.0);
--Fila 134
INSERT INTO PAGO.DETALLE (ID_DETALLE, ID_FACTURA, ID_PRODUCTO, CANTIDAD) VALUES (5.7800171E7,80735.0,106.0,5.0);
--Fila 135
INSERT INTO PAGO.DETALLE (ID_DETALLE, ID_FACTURA, ID_PRODUCTO, CANTIDAD) VALUES (5.9387262E7,80520.0,20.0,2.0);
--Fila 136
INSERT INTO PAGO.DETALLE (ID_DETALLE, ID_FACTURA, ID_PRODUCTO, CANTIDAD) VALUES (2.5268127E7,80756.0,60.0,5.0);
--Fila 137
INSERT INTO PAGO.DETALLE (ID_DETALLE, ID_FACTURA, ID_PRODUCTO, CANTIDAD) VALUES (5.9122338E7,80619.0,29.0,2.0);
--Fila 138
INSERT INTO PAGO.DETALLE (ID_DETALLE, ID_FACTURA, ID_PRODUCTO, CANTIDAD) VALUES (4.188755E7,80746.0,92.0,1.0);
--Fila 139
INSERT INTO PAGO.DETALLE (ID_DETALLE, ID_FACTURA, ID_PRODUCTO, CANTIDAD) VALUES (6.2472341E7,80710.0,74.0,4.0);
--Fila 140
INSERT INTO PAGO.DETALLE (ID_DETALLE, ID_FACTURA, ID_PRODUCTO, CANTIDAD) VALUES (5.4561098E7,80653.0,55.0,5.0);
--Fila 141
INSERT INTO PAGO.DETALLE (ID_DETALLE, ID_FACTURA, ID_PRODUCTO, CANTIDAD) VALUES (3.7902857E7,80573.0,18.0,4.0);
--Fila 142
INSERT INTO PAGO.DETALLE (ID_DETALLE, ID_FACTURA, ID_PRODUCTO, CANTIDAD) VALUES (5.4536937E7,80600.0,148.0,4.0);
--Fila 143
INSERT INTO PAGO.DETALLE (ID_DETALLE, ID_FACTURA, ID_PRODUCTO, CANTIDAD) VALUES (2.2204065E7,80565.0,39.0,5.0);
--Fila 144
INSERT INTO PAGO.DETALLE (ID_DETALLE, ID_FACTURA, ID_PRODUCTO, CANTIDAD) VALUES (4.3699271E7,80610.0,110.0,3.0);
--Fila 145
INSERT INTO PAGO.DETALLE (ID_DETALLE, ID_FACTURA, ID_PRODUCTO, CANTIDAD) VALUES (5.7378091E7,80579.0,13.0,3.0);
--Fila 146
INSERT INTO PAGO.DETALLE (ID_DETALLE, ID_FACTURA, ID_PRODUCTO, CANTIDAD) VALUES (9.2281002E7,80612.0,118.0,3.0);
--Fila 147
INSERT INTO PAGO.DETALLE (ID_DETALLE, ID_FACTURA, ID_PRODUCTO, CANTIDAD) VALUES (4.4242844E7,80766.0,0.0,5.0);
--Fila 148
INSERT INTO PAGO.DETALLE (ID_DETALLE, ID_FACTURA, ID_PRODUCTO, CANTIDAD) VALUES (5.223016E7,80640.0,8.0,5.0);
--Fila 149
INSERT INTO PAGO.DETALLE (ID_DETALLE, ID_FACTURA, ID_PRODUCTO, CANTIDAD) VALUES (8.7560988E7,80625.0,32.0,2.0);
--Fila 150
INSERT INTO PAGO.DETALLE (ID_DETALLE, ID_FACTURA, ID_PRODUCTO, CANTIDAD) VALUES (5.881556E7,80588.0,6.0,4.0);
--Fila 151
INSERT INTO PAGO.DETALLE (ID_DETALLE, ID_FACTURA, ID_PRODUCTO, CANTIDAD) VALUES (2.113478E7,80730.0,138.0,4.0);
--Fila 152
INSERT INTO PAGO.DETALLE (ID_DETALLE, ID_FACTURA, ID_PRODUCTO, CANTIDAD) VALUES (5.3131036E7,80500.0,18.0,4.0);
--Fila 153
INSERT INTO PAGO.DETALLE (ID_DETALLE, ID_FACTURA, ID_PRODUCTO, CANTIDAD) VALUES (3.3327422E7,80581.0,54.0,4.0);
--Fila 154
INSERT INTO PAGO.DETALLE (ID_DETALLE, ID_FACTURA, ID_PRODUCTO, CANTIDAD) VALUES (8.8837889E7,80688.0,63.0,2.0);
--Fila 155
INSERT INTO PAGO.DETALLE (ID_DETALLE, ID_FACTURA, ID_PRODUCTO, CANTIDAD) VALUES (6.946158E7,80559.0,40.0,2.0);
--Fila 156
INSERT INTO PAGO.DETALLE (ID_DETALLE, ID_FACTURA, ID_PRODUCTO, CANTIDAD) VALUES (7.1520838E7,80555.0,103.0,5.0);
--Fila 157
INSERT INTO PAGO.DETALLE (ID_DETALLE, ID_FACTURA, ID_PRODUCTO, CANTIDAD) VALUES (6.0029163E7,80598.0,9.0,4.0);
--Fila 158
INSERT INTO PAGO.DETALLE (ID_DETALLE, ID_FACTURA, ID_PRODUCTO, CANTIDAD) VALUES (6.9969347E7,80710.0,21.0,1.0);
--Fila 159
INSERT INTO PAGO.DETALLE (ID_DETALLE, ID_FACTURA, ID_PRODUCTO, CANTIDAD) VALUES (5.9182555E7,80688.0,75.0,1.0);
--Fila 160
INSERT INTO PAGO.DETALLE (ID_DETALLE, ID_FACTURA, ID_PRODUCTO, CANTIDAD) VALUES (1.9326016E7,80778.0,96.0,2.0);
--Fila 161
INSERT INTO PAGO.DETALLE (ID_DETALLE, ID_FACTURA, ID_PRODUCTO, CANTIDAD) VALUES (2.3348762E7,80707.0,141.0,3.0);
--Fila 162
INSERT INTO PAGO.DETALLE (ID_DETALLE, ID_FACTURA, ID_PRODUCTO, CANTIDAD) VALUES (6.5823776E7,80541.0,74.0,5.0);
--Fila 163
INSERT INTO PAGO.DETALLE (ID_DETALLE, ID_FACTURA, ID_PRODUCTO, CANTIDAD) VALUES (9.1674237E7,80552.0,150.0,2.0);
--Fila 164
INSERT INTO PAGO.DETALLE (ID_DETALLE, ID_FACTURA, ID_PRODUCTO, CANTIDAD) VALUES (5.8805394E7,80762.0,29.0,2.0);
--Fila 165
INSERT INTO PAGO.DETALLE (ID_DETALLE, ID_FACTURA, ID_PRODUCTO, CANTIDAD) VALUES (3.6837494E7,80509.0,144.0,4.0);
--Fila 166
INSERT INTO PAGO.DETALLE (ID_DETALLE, ID_FACTURA, ID_PRODUCTO, CANTIDAD) VALUES (8.9701634E7,80728.0,132.0,4.0);
--Fila 167
INSERT INTO PAGO.DETALLE (ID_DETALLE, ID_FACTURA, ID_PRODUCTO, CANTIDAD) VALUES (8.4196962E7,80666.0,19.0,3.0);
--Fila 168
INSERT INTO PAGO.DETALLE (ID_DETALLE, ID_FACTURA, ID_PRODUCTO, CANTIDAD) VALUES (7.0359083E7,80528.0,119.0,2.0);
--Fila 169
INSERT INTO PAGO.DETALLE (ID_DETALLE, ID_FACTURA, ID_PRODUCTO, CANTIDAD) VALUES (5.7516265E7,80565.0,112.0,5.0);
--Fila 170
INSERT INTO PAGO.DETALLE (ID_DETALLE, ID_FACTURA, ID_PRODUCTO, CANTIDAD) VALUES (5.2773245E7,80722.0,94.0,5.0);
--Fila 171
INSERT INTO PAGO.DETALLE (ID_DETALLE, ID_FACTURA, ID_PRODUCTO, CANTIDAD) VALUES (4.2049855E7,80654.0,99.0,3.0);
--Fila 172
INSERT INTO PAGO.DETALLE (ID_DETALLE, ID_FACTURA, ID_PRODUCTO, CANTIDAD) VALUES (5.8146061E7,80751.0,62.0,1.0);
--Fila 173
INSERT INTO PAGO.DETALLE (ID_DETALLE, ID_FACTURA, ID_PRODUCTO, CANTIDAD) VALUES (6.295336E7,80779.0,23.0,2.0);
--Fila 174
INSERT INTO PAGO.DETALLE (ID_DETALLE, ID_FACTURA, ID_PRODUCTO, CANTIDAD) VALUES (8.0266187E7,80537.0,83.0,5.0);
--Fila 175
INSERT INTO PAGO.DETALLE (ID_DETALLE, ID_FACTURA, ID_PRODUCTO, CANTIDAD) VALUES (5.450941E7,80750.0,9.0,1.0);
--Fila 176
INSERT INTO PAGO.DETALLE (ID_DETALLE, ID_FACTURA, ID_PRODUCTO, CANTIDAD) VALUES (2.7080385E7,80720.0,150.0,5.0);
--Fila 177
INSERT INTO PAGO.DETALLE (ID_DETALLE, ID_FACTURA, ID_PRODUCTO, CANTIDAD) VALUES (3.3968321E7,80789.0,61.0,2.0);
--Fila 178
INSERT INTO PAGO.DETALLE (ID_DETALLE, ID_FACTURA, ID_PRODUCTO, CANTIDAD) VALUES (3.4809149E7,80672.0,32.0,2.0);
--Fila 179
INSERT INTO PAGO.DETALLE (ID_DETALLE, ID_FACTURA, ID_PRODUCTO, CANTIDAD) VALUES (6.1917717E7,80799.0,71.0,3.0);
--Fila 180
INSERT INTO PAGO.DETALLE (ID_DETALLE, ID_FACTURA, ID_PRODUCTO, CANTIDAD) VALUES (7.0373936E7,80650.0,144.0,2.0);
--Fila 181
INSERT INTO PAGO.DETALLE (ID_DETALLE, ID_FACTURA, ID_PRODUCTO, CANTIDAD) VALUES (6.4234694E7,80755.0,61.0,3.0);
--Fila 182
INSERT INTO PAGO.DETALLE (ID_DETALLE, ID_FACTURA, ID_PRODUCTO, CANTIDAD) VALUES (5.7324758E7,80577.0,49.0,4.0);
--Fila 183
INSERT INTO PAGO.DETALLE (ID_DETALLE, ID_FACTURA, ID_PRODUCTO, CANTIDAD) VALUES (3.9779145E7,80786.0,32.0,2.0);
--Fila 184
INSERT INTO PAGO.DETALLE (ID_DETALLE, ID_FACTURA, ID_PRODUCTO, CANTIDAD) VALUES (4.4787249E7,80603.0,5.0,3.0);
--Fila 185
INSERT INTO PAGO.DETALLE (ID_DETALLE, ID_FACTURA, ID_PRODUCTO, CANTIDAD) VALUES (2.5589117E7,80576.0,116.0,1.0);
--Fila 186
INSERT INTO PAGO.DETALLE (ID_DETALLE, ID_FACTURA, ID_PRODUCTO, CANTIDAD) VALUES (7.6306477E7,80553.0,30.0,5.0);
--Fila 187
INSERT INTO PAGO.DETALLE (ID_DETALLE, ID_FACTURA, ID_PRODUCTO, CANTIDAD) VALUES (2.9943922E7,80735.0,1.0,2.0);
--Fila 188
INSERT INTO PAGO.DETALLE (ID_DETALLE, ID_FACTURA, ID_PRODUCTO, CANTIDAD) VALUES (1.7850309E7,80680.0,33.0,3.0);
--Fila 189
INSERT INTO PAGO.DETALLE (ID_DETALLE, ID_FACTURA, ID_PRODUCTO, CANTIDAD) VALUES (7.0891896E7,80537.0,20.0,4.0);
--Fila 190
INSERT INTO PAGO.DETALLE (ID_DETALLE, ID_FACTURA, ID_PRODUCTO, CANTIDAD) VALUES (9.4609709E7,80601.0,62.0,3.0);
--Fila 191
INSERT INTO PAGO.DETALLE (ID_DETALLE, ID_FACTURA, ID_PRODUCTO, CANTIDAD) VALUES (7.8842681E7,80523.0,137.0,3.0);
--Fila 192
INSERT INTO PAGO.DETALLE (ID_DETALLE, ID_FACTURA, ID_PRODUCTO, CANTIDAD) VALUES (1.8940822E7,80552.0,126.0,1.0);
--Fila 193
INSERT INTO PAGO.DETALLE (ID_DETALLE, ID_FACTURA, ID_PRODUCTO, CANTIDAD) VALUES (4.2358344E7,80777.0,138.0,1.0);
--Fila 194
INSERT INTO PAGO.DETALLE (ID_DETALLE, ID_FACTURA, ID_PRODUCTO, CANTIDAD) VALUES (1.7899219E7,80574.0,139.0,4.0);
--Fila 195
INSERT INTO PAGO.DETALLE (ID_DETALLE, ID_FACTURA, ID_PRODUCTO, CANTIDAD) VALUES (3.6907171E7,80789.0,37.0,4.0);
--Fila 196
INSERT INTO PAGO.DETALLE (ID_DETALLE, ID_FACTURA, ID_PRODUCTO, CANTIDAD) VALUES (2.9803331E7,80640.0,6.0,4.0);
--Fila 197
INSERT INTO PAGO.DETALLE (ID_DETALLE, ID_FACTURA, ID_PRODUCTO, CANTIDAD) VALUES (2.9040623E7,80501.0,43.0,3.0);
--Fila 198
INSERT INTO PAGO.DETALLE (ID_DETALLE, ID_FACTURA, ID_PRODUCTO, CANTIDAD) VALUES (6.417149E7,80705.0,27.0,1.0);
--Fila 199
INSERT INTO PAGO.DETALLE (ID_DETALLE, ID_FACTURA, ID_PRODUCTO, CANTIDAD) VALUES (8.8077598E7,80762.0,31.0,1.0);
--Fila 200
INSERT INTO PAGO.DETALLE (ID_DETALLE, ID_FACTURA, ID_PRODUCTO, CANTIDAD) VALUES (5.8556317E7,80720.0,121.0,4.0);
--Fila 201
INSERT INTO PAGO.DETALLE (ID_DETALLE, ID_FACTURA, ID_PRODUCTO, CANTIDAD) VALUES (6.8134568E7,80657.0,133.0,4.0);
--Fila 202
INSERT INTO PAGO.DETALLE (ID_DETALLE, ID_FACTURA, ID_PRODUCTO, CANTIDAD) VALUES (3.3217777E7,80538.0,7.0,1.0);
--Fila 203
INSERT INTO PAGO.DETALLE (ID_DETALLE, ID_FACTURA, ID_PRODUCTO, CANTIDAD) VALUES (5.0856395E7,80724.0,147.0,3.0);
--Fila 204
INSERT INTO PAGO.DETALLE (ID_DETALLE, ID_FACTURA, ID_PRODUCTO, CANTIDAD) VALUES (6.7750743E7,80758.0,89.0,3.0);
--Fila 205
INSERT INTO PAGO.DETALLE (ID_DETALLE, ID_FACTURA, ID_PRODUCTO, CANTIDAD) VALUES (8.2120273E7,80725.0,47.0,5.0);
--Fila 206
INSERT INTO PAGO.DETALLE (ID_DETALLE, ID_FACTURA, ID_PRODUCTO, CANTIDAD) VALUES (2.0683524E7,80686.0,34.0,3.0);
--Fila 207
INSERT INTO PAGO.DETALLE (ID_DETALLE, ID_FACTURA, ID_PRODUCTO, CANTIDAD) VALUES (5.8606442E7,80550.0,4.0,5.0);
--Fila 208
INSERT INTO PAGO.DETALLE (ID_DETALLE, ID_FACTURA, ID_PRODUCTO, CANTIDAD) VALUES (5.890914E7,80633.0,11.0,1.0);
--Fila 209
INSERT INTO PAGO.DETALLE (ID_DETALLE, ID_FACTURA, ID_PRODUCTO, CANTIDAD) VALUES (6.7084381E7,80598.0,3.0,2.0);
--Fila 210
INSERT INTO PAGO.DETALLE (ID_DETALLE, ID_FACTURA, ID_PRODUCTO, CANTIDAD) VALUES (2.008511E7,80640.0,71.0,1.0);
--Fila 211
INSERT INTO PAGO.DETALLE (ID_DETALLE, ID_FACTURA, ID_PRODUCTO, CANTIDAD) VALUES (7.8052244E7,80564.0,53.0,5.0);
--Fila 212
INSERT INTO PAGO.DETALLE (ID_DETALLE, ID_FACTURA, ID_PRODUCTO, CANTIDAD) VALUES (8.3252727E7,80579.0,1.0,2.0);
--Fila 213
INSERT INTO PAGO.DETALLE (ID_DETALLE, ID_FACTURA, ID_PRODUCTO, CANTIDAD) VALUES (6.5390487E7,80746.0,140.0,3.0);
--Fila 214
INSERT INTO PAGO.DETALLE (ID_DETALLE, ID_FACTURA, ID_PRODUCTO, CANTIDAD) VALUES (7.1995053E7,80597.0,67.0,4.0);
--Fila 215
INSERT INTO PAGO.DETALLE (ID_DETALLE, ID_FACTURA, ID_PRODUCTO, CANTIDAD) VALUES (7.1523602E7,80769.0,67.0,2.0);
--Fila 216
INSERT INTO PAGO.DETALLE (ID_DETALLE, ID_FACTURA, ID_PRODUCTO, CANTIDAD) VALUES (6.1934938E7,80610.0,50.0,1.0);
--Fila 217
INSERT INTO PAGO.DETALLE (ID_DETALLE, ID_FACTURA, ID_PRODUCTO, CANTIDAD) VALUES (7.0363939E7,80500.0,53.0,1.0);
--Fila 218
INSERT INTO PAGO.DETALLE (ID_DETALLE, ID_FACTURA, ID_PRODUCTO, CANTIDAD) VALUES (9.3907635E7,80622.0,54.0,2.0);
--Fila 219
INSERT INTO PAGO.DETALLE (ID_DETALLE, ID_FACTURA, ID_PRODUCTO, CANTIDAD) VALUES (6.4361642E7,80748.0,96.0,3.0);
--Fila 220
INSERT INTO PAGO.DETALLE (ID_DETALLE, ID_FACTURA, ID_PRODUCTO, CANTIDAD) VALUES (5.5405976E7,80795.0,49.0,3.0);
--Fila 221
INSERT INTO PAGO.DETALLE (ID_DETALLE, ID_FACTURA, ID_PRODUCTO, CANTIDAD) VALUES (4.5632212E7,80516.0,148.0,5.0);
--Fila 222
INSERT INTO PAGO.DETALLE (ID_DETALLE, ID_FACTURA, ID_PRODUCTO, CANTIDAD) VALUES (7.0168863E7,80580.0,105.0,4.0);
--Fila 223
INSERT INTO PAGO.DETALLE (ID_DETALLE, ID_FACTURA, ID_PRODUCTO, CANTIDAD) VALUES (6.8712706E7,80730.0,108.0,4.0);
--Fila 224
INSERT INTO PAGO.DETALLE (ID_DETALLE, ID_FACTURA, ID_PRODUCTO, CANTIDAD) VALUES (8.1527219E7,80582.0,18.0,5.0);
--Fila 225
INSERT INTO PAGO.DETALLE (ID_DETALLE, ID_FACTURA, ID_PRODUCTO, CANTIDAD) VALUES (2.6598674E7,80602.0,6.0,4.0);
--Fila 226
INSERT INTO PAGO.DETALLE (ID_DETALLE, ID_FACTURA, ID_PRODUCTO, CANTIDAD) VALUES (3.2865916E7,80524.0,111.0,1.0);
--Fila 227
INSERT INTO PAGO.DETALLE (ID_DETALLE, ID_FACTURA, ID_PRODUCTO, CANTIDAD) VALUES (2.3396834E7,80682.0,56.0,5.0);
--Fila 228
INSERT INTO PAGO.DETALLE (ID_DETALLE, ID_FACTURA, ID_PRODUCTO, CANTIDAD) VALUES (1.6930949E7,80788.0,148.0,1.0);
--Fila 229
INSERT INTO PAGO.DETALLE (ID_DETALLE, ID_FACTURA, ID_PRODUCTO, CANTIDAD) VALUES (5.5273283E7,80594.0,55.0,2.0);
--Fila 230
INSERT INTO PAGO.DETALLE (ID_DETALLE, ID_FACTURA, ID_PRODUCTO, CANTIDAD) VALUES (2.8698467E7,80538.0,110.0,5.0);
--Fila 231
INSERT INTO PAGO.DETALLE (ID_DETALLE, ID_FACTURA, ID_PRODUCTO, CANTIDAD) VALUES (3.0298803E7,80800.0,20.0,4.0);
--Fila 232
INSERT INTO PAGO.DETALLE (ID_DETALLE, ID_FACTURA, ID_PRODUCTO, CANTIDAD) VALUES (2.85361E7,80787.0,148.0,4.0);
--Fila 233
INSERT INTO PAGO.DETALLE (ID_DETALLE, ID_FACTURA, ID_PRODUCTO, CANTIDAD) VALUES (8.3900691E7,80774.0,139.0,4.0);
--Fila 234
INSERT INTO PAGO.DETALLE (ID_DETALLE, ID_FACTURA, ID_PRODUCTO, CANTIDAD) VALUES (2.5784051E7,80692.0,125.0,1.0);
--Fila 235
INSERT INTO PAGO.DETALLE (ID_DETALLE, ID_FACTURA, ID_PRODUCTO, CANTIDAD) VALUES (7.7981784E7,80746.0,25.0,4.0);
--Fila 236
INSERT INTO PAGO.DETALLE (ID_DETALLE, ID_FACTURA, ID_PRODUCTO, CANTIDAD) VALUES (2.6833717E7,80523.0,141.0,1.0);
--Fila 237
INSERT INTO PAGO.DETALLE (ID_DETALLE, ID_FACTURA, ID_PRODUCTO, CANTIDAD) VALUES (5.0331073E7,80632.0,44.0,4.0);
--Fila 238
INSERT INTO PAGO.DETALLE (ID_DETALLE, ID_FACTURA, ID_PRODUCTO, CANTIDAD) VALUES (2.0369219E7,80509.0,9.0,2.0);
--Fila 239
INSERT INTO PAGO.DETALLE (ID_DETALLE, ID_FACTURA, ID_PRODUCTO, CANTIDAD) VALUES (6.7433789E7,80716.0,0.0,2.0);
--Fila 240
INSERT INTO PAGO.DETALLE (ID_DETALLE, ID_FACTURA, ID_PRODUCTO, CANTIDAD) VALUES (6.8192192E7,80591.0,58.0,1.0);
--Fila 241
INSERT INTO PAGO.DETALLE (ID_DETALLE, ID_FACTURA, ID_PRODUCTO, CANTIDAD) VALUES (3.4585324E7,80623.0,2.0,1.0);
--Fila 242
INSERT INTO PAGO.DETALLE (ID_DETALLE, ID_FACTURA, ID_PRODUCTO, CANTIDAD) VALUES (4.8192423E7,80680.0,41.0,4.0);
--Fila 243
INSERT INTO PAGO.DETALLE (ID_DETALLE, ID_FACTURA, ID_PRODUCTO, CANTIDAD) VALUES (5.1842206E7,80690.0,115.0,4.0);
--Fila 244
INSERT INTO PAGO.DETALLE (ID_DETALLE, ID_FACTURA, ID_PRODUCTO, CANTIDAD) VALUES (5.1590874E7,80708.0,98.0,5.0);
--Fila 245
INSERT INTO PAGO.DETALLE (ID_DETALLE, ID_FACTURA, ID_PRODUCTO, CANTIDAD) VALUES (5.4006328E7,80692.0,22.0,5.0);
--Fila 246
INSERT INTO PAGO.DETALLE (ID_DETALLE, ID_FACTURA, ID_PRODUCTO, CANTIDAD) VALUES (6.9453961E7,80681.0,77.0,2.0);
--Fila 247
INSERT INTO PAGO.DETALLE (ID_DETALLE, ID_FACTURA, ID_PRODUCTO, CANTIDAD) VALUES (3.8919445E7,80716.0,55.0,5.0);
--Fila 248
INSERT INTO PAGO.DETALLE (ID_DETALLE, ID_FACTURA, ID_PRODUCTO, CANTIDAD) VALUES (2.8163117E7,80696.0,48.0,4.0);
--Fila 249
INSERT INTO PAGO.DETALLE (ID_DETALLE, ID_FACTURA, ID_PRODUCTO, CANTIDAD) VALUES (7.8602738E7,80543.0,62.0,2.0);
--Fila 250
INSERT INTO PAGO.DETALLE (ID_DETALLE, ID_FACTURA, ID_PRODUCTO, CANTIDAD) VALUES (3.9863301E7,80545.0,139.0,5.0);
--Fila 251
INSERT INTO PAGO.DETALLE (ID_DETALLE, ID_FACTURA, ID_PRODUCTO, CANTIDAD) VALUES (3.3561077E7,80511.0,13.0,4.0);
--Fila 252
INSERT INTO PAGO.DETALLE (ID_DETALLE, ID_FACTURA, ID_PRODUCTO, CANTIDAD) VALUES (8.8086919E7,80680.0,100.0,3.0);
--Fila 253
INSERT INTO PAGO.DETALLE (ID_DETALLE, ID_FACTURA, ID_PRODUCTO, CANTIDAD) VALUES (6.5001386E7,80517.0,136.0,1.0);
--Fila 254
INSERT INTO PAGO.DETALLE (ID_DETALLE, ID_FACTURA, ID_PRODUCTO, CANTIDAD) VALUES (5.5677231E7,80645.0,87.0,1.0);
--Fila 255
INSERT INTO PAGO.DETALLE (ID_DETALLE, ID_FACTURA, ID_PRODUCTO, CANTIDAD) VALUES (7.095782E7,80568.0,12.0,1.0);
--Fila 256
INSERT INTO PAGO.DETALLE (ID_DETALLE, ID_FACTURA, ID_PRODUCTO, CANTIDAD) VALUES (6.0500952E7,80779.0,52.0,1.0);
--Fila 257
INSERT INTO PAGO.DETALLE (ID_DETALLE, ID_FACTURA, ID_PRODUCTO, CANTIDAD) VALUES (2.6230002E7,80766.0,46.0,5.0);
--Fila 258
INSERT INTO PAGO.DETALLE (ID_DETALLE, ID_FACTURA, ID_PRODUCTO, CANTIDAD) VALUES (6.4817667E7,80708.0,56.0,3.0);
--Fila 259
INSERT INTO PAGO.DETALLE (ID_DETALLE, ID_FACTURA, ID_PRODUCTO, CANTIDAD) VALUES (4.5859121E7,80797.0,126.0,1.0);
--Fila 260
INSERT INTO PAGO.DETALLE (ID_DETALLE, ID_FACTURA, ID_PRODUCTO, CANTIDAD) VALUES (3.303107E7,80676.0,89.0,1.0);
--Fila 261
INSERT INTO PAGO.DETALLE (ID_DETALLE, ID_FACTURA, ID_PRODUCTO, CANTIDAD) VALUES (3.102208E7,80603.0,93.0,2.0);
--Fila 262
INSERT INTO PAGO.DETALLE (ID_DETALLE, ID_FACTURA, ID_PRODUCTO, CANTIDAD) VALUES (9.0203545E7,80621.0,130.0,5.0);
--Fila 263
INSERT INTO PAGO.DETALLE (ID_DETALLE, ID_FACTURA, ID_PRODUCTO, CANTIDAD) VALUES (9.1967138E7,80597.0,150.0,5.0);
--Fila 264
INSERT INTO PAGO.DETALLE (ID_DETALLE, ID_FACTURA, ID_PRODUCTO, CANTIDAD) VALUES (7.3184594E7,80795.0,53.0,4.0);
--Fila 265
INSERT INTO PAGO.DETALLE (ID_DETALLE, ID_FACTURA, ID_PRODUCTO, CANTIDAD) VALUES (7.6084803E7,80740.0,80.0,1.0);
--Fila 266
INSERT INTO PAGO.DETALLE (ID_DETALLE, ID_FACTURA, ID_PRODUCTO, CANTIDAD) VALUES (7.373373E7,80737.0,51.0,5.0);
--Fila 267
INSERT INTO PAGO.DETALLE (ID_DETALLE, ID_FACTURA, ID_PRODUCTO, CANTIDAD) VALUES (6.8298584E7,80750.0,100.0,1.0);
--Fila 268
INSERT INTO PAGO.DETALLE (ID_DETALLE, ID_FACTURA, ID_PRODUCTO, CANTIDAD) VALUES (9.2058833E7,80742.0,90.0,1.0);
--Fila 269
INSERT INTO PAGO.DETALLE (ID_DETALLE, ID_FACTURA, ID_PRODUCTO, CANTIDAD) VALUES (6.3495955E7,80704.0,18.0,2.0);
--Fila 270
INSERT INTO PAGO.DETALLE (ID_DETALLE, ID_FACTURA, ID_PRODUCTO, CANTIDAD) VALUES (7.9687629E7,80568.0,9.0,5.0);
--Fila 271
INSERT INTO PAGO.DETALLE (ID_DETALLE, ID_FACTURA, ID_PRODUCTO, CANTIDAD) VALUES (6.8053896E7,80538.0,23.0,3.0);
--Fila 272
INSERT INTO PAGO.DETALLE (ID_DETALLE, ID_FACTURA, ID_PRODUCTO, CANTIDAD) VALUES (7.2339816E7,80757.0,18.0,5.0);
--Fila 273
INSERT INTO PAGO.DETALLE (ID_DETALLE, ID_FACTURA, ID_PRODUCTO, CANTIDAD) VALUES (3.3172786E7,80582.0,116.0,4.0);
--Fila 274
INSERT INTO PAGO.DETALLE (ID_DETALLE, ID_FACTURA, ID_PRODUCTO, CANTIDAD) VALUES (3.4612182E7,80780.0,33.0,2.0);
--Fila 275
INSERT INTO PAGO.DETALLE (ID_DETALLE, ID_FACTURA, ID_PRODUCTO, CANTIDAD) VALUES (9.1850814E7,80767.0,103.0,4.0);
--Fila 276
INSERT INTO PAGO.DETALLE (ID_DETALLE, ID_FACTURA, ID_PRODUCTO, CANTIDAD) VALUES (8.7852258E7,80539.0,91.0,1.0);
--Fila 277
INSERT INTO PAGO.DETALLE (ID_DETALLE, ID_FACTURA, ID_PRODUCTO, CANTIDAD) VALUES (8.5337357E7,80641.0,90.0,4.0);
--Fila 278
INSERT INTO PAGO.DETALLE (ID_DETALLE, ID_FACTURA, ID_PRODUCTO, CANTIDAD) VALUES (1.7113541E7,80626.0,45.0,2.0);
--Fila 279
INSERT INTO PAGO.DETALLE (ID_DETALLE, ID_FACTURA, ID_PRODUCTO, CANTIDAD) VALUES (8.8840182E7,80646.0,57.0,4.0);
--Fila 280
INSERT INTO PAGO.DETALLE (ID_DETALLE, ID_FACTURA, ID_PRODUCTO, CANTIDAD) VALUES (3.9455104E7,80697.0,137.0,5.0);
--Fila 281
INSERT INTO PAGO.DETALLE (ID_DETALLE, ID_FACTURA, ID_PRODUCTO, CANTIDAD) VALUES (8.5250058E7,80551.0,87.0,3.0);
--Fila 282
INSERT INTO PAGO.DETALLE (ID_DETALLE, ID_FACTURA, ID_PRODUCTO, CANTIDAD) VALUES (5.9836998E7,80508.0,114.0,3.0);
--Fila 283
INSERT INTO PAGO.DETALLE (ID_DETALLE, ID_FACTURA, ID_PRODUCTO, CANTIDAD) VALUES (6.9355578E7,80629.0,88.0,4.0);
--Fila 284
INSERT INTO PAGO.DETALLE (ID_DETALLE, ID_FACTURA, ID_PRODUCTO, CANTIDAD) VALUES (2.5012266E7,80623.0,9.0,3.0);
--Fila 285
INSERT INTO PAGO.DETALLE (ID_DETALLE, ID_FACTURA, ID_PRODUCTO, CANTIDAD) VALUES (2.7347895E7,80798.0,94.0,5.0);
--Fila 286
INSERT INTO PAGO.DETALLE (ID_DETALLE, ID_FACTURA, ID_PRODUCTO, CANTIDAD) VALUES (8.752883E7,80508.0,20.0,5.0);
--Fila 287
INSERT INTO PAGO.DETALLE (ID_DETALLE, ID_FACTURA, ID_PRODUCTO, CANTIDAD) VALUES (7.8509736E7,80659.0,147.0,3.0);
--Fila 288
INSERT INTO PAGO.DETALLE (ID_DETALLE, ID_FACTURA, ID_PRODUCTO, CANTIDAD) VALUES (3.1679324E7,80531.0,150.0,5.0);
--Fila 289
INSERT INTO PAGO.DETALLE (ID_DETALLE, ID_FACTURA, ID_PRODUCTO, CANTIDAD) VALUES (4.6790186E7,80572.0,80.0,2.0);
--Fila 290
INSERT INTO PAGO.DETALLE (ID_DETALLE, ID_FACTURA, ID_PRODUCTO, CANTIDAD) VALUES (3.2262254E7,80752.0,61.0,2.0);
--Fila 291
INSERT INTO PAGO.DETALLE (ID_DETALLE, ID_FACTURA, ID_PRODUCTO, CANTIDAD) VALUES (7.2791192E7,80710.0,92.0,5.0);
--Fila 292
INSERT INTO PAGO.DETALLE (ID_DETALLE, ID_FACTURA, ID_PRODUCTO, CANTIDAD) VALUES (6.0625377E7,80780.0,122.0,2.0);
--Fila 293
INSERT INTO PAGO.DETALLE (ID_DETALLE, ID_FACTURA, ID_PRODUCTO, CANTIDAD) VALUES (5.033954E7,80752.0,40.0,2.0);
--Fila 294
INSERT INTO PAGO.DETALLE (ID_DETALLE, ID_FACTURA, ID_PRODUCTO, CANTIDAD) VALUES (4.4805991E7,80744.0,105.0,2.0);
--Fila 295
INSERT INTO PAGO.DETALLE (ID_DETALLE, ID_FACTURA, ID_PRODUCTO, CANTIDAD) VALUES (2.9167633E7,80509.0,34.0,5.0);
--Fila 296
INSERT INTO PAGO.DETALLE (ID_DETALLE, ID_FACTURA, ID_PRODUCTO, CANTIDAD) VALUES (9.2258113E7,80780.0,54.0,3.0);
--Fila 297
INSERT INTO PAGO.DETALLE (ID_DETALLE, ID_FACTURA, ID_PRODUCTO, CANTIDAD) VALUES (3.1370721E7,80636.0,22.0,3.0);
--Fila 298
INSERT INTO PAGO.DETALLE (ID_DETALLE, ID_FACTURA, ID_PRODUCTO, CANTIDAD) VALUES (4.5419268E7,80745.0,50.0,2.0);
--Fila 299
INSERT INTO PAGO.DETALLE (ID_DETALLE, ID_FACTURA, ID_PRODUCTO, CANTIDAD) VALUES (8.7129307E7,80714.0,119.0,2.0);
--Fila 300
INSERT INTO PAGO.DETALLE (ID_DETALLE, ID_FACTURA, ID_PRODUCTO, CANTIDAD) VALUES (3.3134428E7,80612.0,119.0,4.0);
--Fila 301
INSERT INTO PAGO.DETALLE (ID_DETALLE, ID_FACTURA, ID_PRODUCTO, CANTIDAD) VALUES (3.4635626E7,80730.0,32.0,1.0);
--Fila 302
INSERT INTO PAGO.DETALLE (ID_DETALLE, ID_FACTURA, ID_PRODUCTO, CANTIDAD) VALUES (4.1909143E7,80537.0,66.0,1.0);
--Fila 303
INSERT INTO PAGO.DETALLE (ID_DETALLE, ID_FACTURA, ID_PRODUCTO, CANTIDAD) VALUES (8.5260105E7,80507.0,102.0,4.0);
--Fila 304
INSERT INTO PAGO.DETALLE (ID_DETALLE, ID_FACTURA, ID_PRODUCTO, CANTIDAD) VALUES (4.2438217E7,80713.0,146.0,1.0);
--Fila 305
INSERT INTO PAGO.DETALLE (ID_DETALLE, ID_FACTURA, ID_PRODUCTO, CANTIDAD) VALUES (5.1797946E7,80670.0,117.0,2.0);
--Fila 306
INSERT INTO PAGO.DETALLE (ID_DETALLE, ID_FACTURA, ID_PRODUCTO, CANTIDAD) VALUES (5.6614008E7,80635.0,65.0,5.0);
--Fila 307
INSERT INTO PAGO.DETALLE (ID_DETALLE, ID_FACTURA, ID_PRODUCTO, CANTIDAD) VALUES (4.8465903E7,80799.0,79.0,5.0);
--Fila 308
INSERT INTO PAGO.DETALLE (ID_DETALLE, ID_FACTURA, ID_PRODUCTO, CANTIDAD) VALUES (3.2141291E7,80520.0,87.0,5.0);
--Fila 309
INSERT INTO PAGO.DETALLE (ID_DETALLE, ID_FACTURA, ID_PRODUCTO, CANTIDAD) VALUES (8.4018738E7,80562.0,91.0,5.0);
--Fila 310
INSERT INTO PAGO.DETALLE (ID_DETALLE, ID_FACTURA, ID_PRODUCTO, CANTIDAD) VALUES (6.884032E7,80798.0,77.0,3.0);
--Fila 311
INSERT INTO PAGO.DETALLE (ID_DETALLE, ID_FACTURA, ID_PRODUCTO, CANTIDAD) VALUES (1.7772306E7,80634.0,143.0,1.0);
--Fila 312
INSERT INTO PAGO.DETALLE (ID_DETALLE, ID_FACTURA, ID_PRODUCTO, CANTIDAD) VALUES (8.3480005E7,80751.0,62.0,2.0);
--Fila 313
INSERT INTO PAGO.DETALLE (ID_DETALLE, ID_FACTURA, ID_PRODUCTO, CANTIDAD) VALUES (5.4143246E7,80616.0,138.0,4.0);
--Fila 314
INSERT INTO PAGO.DETALLE (ID_DETALLE, ID_FACTURA, ID_PRODUCTO, CANTIDAD) VALUES (4.1385607E7,80651.0,80.0,3.0);
--Fila 315
INSERT INTO PAGO.DETALLE (ID_DETALLE, ID_FACTURA, ID_PRODUCTO, CANTIDAD) VALUES (4.1360765E7,80697.0,107.0,3.0);
--Fila 316
INSERT INTO PAGO.DETALLE (ID_DETALLE, ID_FACTURA, ID_PRODUCTO, CANTIDAD) VALUES (7.7091686E7,80765.0,9.0,2.0);
--Fila 317
INSERT INTO PAGO.DETALLE (ID_DETALLE, ID_FACTURA, ID_PRODUCTO, CANTIDAD) VALUES (5.3574925E7,80525.0,7.0,2.0);
--Fila 318
INSERT INTO PAGO.DETALLE (ID_DETALLE, ID_FACTURA, ID_PRODUCTO, CANTIDAD) VALUES (9.1382668E7,80632.0,108.0,4.0);
--Fila 319
INSERT INTO PAGO.DETALLE (ID_DETALLE, ID_FACTURA, ID_PRODUCTO, CANTIDAD) VALUES (2.3492518E7,80782.0,12.0,4.0);
--Fila 320
INSERT INTO PAGO.DETALLE (ID_DETALLE, ID_FACTURA, ID_PRODUCTO, CANTIDAD) VALUES (6.7326751E7,80536.0,21.0,5.0);
--Fila 321
INSERT INTO PAGO.DETALLE (ID_DETALLE, ID_FACTURA, ID_PRODUCTO, CANTIDAD) VALUES (5.514683E7,80593.0,13.0,5.0);
--Fila 322
INSERT INTO PAGO.DETALLE (ID_DETALLE, ID_FACTURA, ID_PRODUCTO, CANTIDAD) VALUES (7.257001E7,80625.0,127.0,4.0);
--Fila 323
INSERT INTO PAGO.DETALLE (ID_DETALLE, ID_FACTURA, ID_PRODUCTO, CANTIDAD) VALUES (6.2610217E7,80578.0,5.0,5.0);
--Fila 324
INSERT INTO PAGO.DETALLE (ID_DETALLE, ID_FACTURA, ID_PRODUCTO, CANTIDAD) VALUES (4.4701101E7,80755.0,5.0,3.0);
--Fila 325
INSERT INTO PAGO.DETALLE (ID_DETALLE, ID_FACTURA, ID_PRODUCTO, CANTIDAD) VALUES (1.9605461E7,80569.0,34.0,4.0);
--Fila 326
INSERT INTO PAGO.DETALLE (ID_DETALLE, ID_FACTURA, ID_PRODUCTO, CANTIDAD) VALUES (7.9284194E7,80503.0,9.0,5.0);
--Fila 327
INSERT INTO PAGO.DETALLE (ID_DETALLE, ID_FACTURA, ID_PRODUCTO, CANTIDAD) VALUES (8.506014E7,80775.0,56.0,3.0);
--Fila 328
INSERT INTO PAGO.DETALLE (ID_DETALLE, ID_FACTURA, ID_PRODUCTO, CANTIDAD) VALUES (6.1592357E7,80508.0,149.0,2.0);
--Fila 329
INSERT INTO PAGO.DETALLE (ID_DETALLE, ID_FACTURA, ID_PRODUCTO, CANTIDAD) VALUES (9.2749008E7,80676.0,58.0,5.0);
--Fila 330
INSERT INTO PAGO.DETALLE (ID_DETALLE, ID_FACTURA, ID_PRODUCTO, CANTIDAD) VALUES (2.7635121E7,80541.0,85.0,1.0);
--Fila 331
INSERT INTO PAGO.DETALLE (ID_DETALLE, ID_FACTURA, ID_PRODUCTO, CANTIDAD) VALUES (9.3352564E7,80581.0,114.0,4.0);
--Fila 332
INSERT INTO PAGO.DETALLE (ID_DETALLE, ID_FACTURA, ID_PRODUCTO, CANTIDAD) VALUES (8.9472031E7,80574.0,31.0,5.0);
--Fila 333
INSERT INTO PAGO.DETALLE (ID_DETALLE, ID_FACTURA, ID_PRODUCTO, CANTIDAD) VALUES (3.5641765E7,80599.0,101.0,4.0);
--Fila 334
INSERT INTO PAGO.DETALLE (ID_DETALLE, ID_FACTURA, ID_PRODUCTO, CANTIDAD) VALUES (8.4062664E7,80784.0,78.0,4.0);
--Fila 335
INSERT INTO PAGO.DETALLE (ID_DETALLE, ID_FACTURA, ID_PRODUCTO, CANTIDAD) VALUES (2.4893598E7,80792.0,63.0,5.0);
--Fila 336
INSERT INTO PAGO.DETALLE (ID_DETALLE, ID_FACTURA, ID_PRODUCTO, CANTIDAD) VALUES (5.9425293E7,80780.0,30.0,4.0);
--Fila 337
INSERT INTO PAGO.DETALLE (ID_DETALLE, ID_FACTURA, ID_PRODUCTO, CANTIDAD) VALUES (4.4944354E7,80610.0,8.0,3.0);
--Fila 338
INSERT INTO PAGO.DETALLE (ID_DETALLE, ID_FACTURA, ID_PRODUCTO, CANTIDAD) VALUES (8.618287E7,80526.0,95.0,4.0);
--Fila 339
INSERT INTO PAGO.DETALLE (ID_DETALLE, ID_FACTURA, ID_PRODUCTO, CANTIDAD) VALUES (8.7215316E7,80765.0,50.0,2.0);
--Fila 340
INSERT INTO PAGO.DETALLE (ID_DETALLE, ID_FACTURA, ID_PRODUCTO, CANTIDAD) VALUES (2.0690003E7,80514.0,30.0,1.0);
--Fila 341
INSERT INTO PAGO.DETALLE (ID_DETALLE, ID_FACTURA, ID_PRODUCTO, CANTIDAD) VALUES (7.3455862E7,80726.0,26.0,5.0);
--Fila 342
INSERT INTO PAGO.DETALLE (ID_DETALLE, ID_FACTURA, ID_PRODUCTO, CANTIDAD) VALUES (5.1034198E7,80677.0,121.0,3.0);
--Fila 343
INSERT INTO PAGO.DETALLE (ID_DETALLE, ID_FACTURA, ID_PRODUCTO, CANTIDAD) VALUES (3.4701347E7,80756.0,45.0,4.0);
--Fila 344
INSERT INTO PAGO.DETALLE (ID_DETALLE, ID_FACTURA, ID_PRODUCTO, CANTIDAD) VALUES (3.8785575E7,80643.0,139.0,2.0);
--Fila 345
INSERT INTO PAGO.DETALLE (ID_DETALLE, ID_FACTURA, ID_PRODUCTO, CANTIDAD) VALUES (6.8984004E7,80646.0,5.0,4.0);
--Fila 346
INSERT INTO PAGO.DETALLE (ID_DETALLE, ID_FACTURA, ID_PRODUCTO, CANTIDAD) VALUES (8.4832385E7,80705.0,141.0,2.0);
--Fila 347
INSERT INTO PAGO.DETALLE (ID_DETALLE, ID_FACTURA, ID_PRODUCTO, CANTIDAD) VALUES (5.0236429E7,80709.0,133.0,4.0);
--Fila 348
INSERT INTO PAGO.DETALLE (ID_DETALLE, ID_FACTURA, ID_PRODUCTO, CANTIDAD) VALUES (5.8710891E7,80662.0,111.0,5.0);
--Fila 349
INSERT INTO PAGO.DETALLE (ID_DETALLE, ID_FACTURA, ID_PRODUCTO, CANTIDAD) VALUES (4.9368094E7,80604.0,82.0,1.0);
--Fila 350
INSERT INTO PAGO.DETALLE (ID_DETALLE, ID_FACTURA, ID_PRODUCTO, CANTIDAD) VALUES (3.1522831E7,80558.0,79.0,4.0);
--Fila 351
INSERT INTO PAGO.DETALLE (ID_DETALLE, ID_FACTURA, ID_PRODUCTO, CANTIDAD) VALUES (2.6326891E7,80794.0,102.0,5.0);
--Fila 352
INSERT INTO PAGO.DETALLE (ID_DETALLE, ID_FACTURA, ID_PRODUCTO, CANTIDAD) VALUES (5.5593912E7,80655.0,113.0,4.0);
--Fila 353
INSERT INTO PAGO.DETALLE (ID_DETALLE, ID_FACTURA, ID_PRODUCTO, CANTIDAD) VALUES (2.5386003E7,80798.0,21.0,4.0);
--Fila 354
INSERT INTO PAGO.DETALLE (ID_DETALLE, ID_FACTURA, ID_PRODUCTO, CANTIDAD) VALUES (7.3286707E7,80733.0,80.0,5.0);
--Fila 355
INSERT INTO PAGO.DETALLE (ID_DETALLE, ID_FACTURA, ID_PRODUCTO, CANTIDAD) VALUES (5.2869942E7,80569.0,117.0,4.0);
--Fila 356
INSERT INTO PAGO.DETALLE (ID_DETALLE, ID_FACTURA, ID_PRODUCTO, CANTIDAD) VALUES (8.5965362E7,80791.0,28.0,2.0);
--Fila 357
INSERT INTO PAGO.DETALLE (ID_DETALLE, ID_FACTURA, ID_PRODUCTO, CANTIDAD) VALUES (3.9081974E7,80657.0,117.0,5.0);
--Fila 358
INSERT INTO PAGO.DETALLE (ID_DETALLE, ID_FACTURA, ID_PRODUCTO, CANTIDAD) VALUES (8.6103206E7,80754.0,115.0,1.0);
--Fila 359
INSERT INTO PAGO.DETALLE (ID_DETALLE, ID_FACTURA, ID_PRODUCTO, CANTIDAD) VALUES (9.0158838E7,80780.0,104.0,3.0);
--Fila 360
INSERT INTO PAGO.DETALLE (ID_DETALLE, ID_FACTURA, ID_PRODUCTO, CANTIDAD) VALUES (5.4425601E7,80706.0,45.0,4.0);
--Fila 361
INSERT INTO PAGO.DETALLE (ID_DETALLE, ID_FACTURA, ID_PRODUCTO, CANTIDAD) VALUES (4.4196114E7,80503.0,60.0,4.0);
--Fila 362
INSERT INTO PAGO.DETALLE (ID_DETALLE, ID_FACTURA, ID_PRODUCTO, CANTIDAD) VALUES (5.7532943E7,80684.0,52.0,2.0);
--Fila 363
INSERT INTO PAGO.DETALLE (ID_DETALLE, ID_FACTURA, ID_PRODUCTO, CANTIDAD) VALUES (3.0962859E7,80555.0,45.0,5.0);
--Fila 364
INSERT INTO PAGO.DETALLE (ID_DETALLE, ID_FACTURA, ID_PRODUCTO, CANTIDAD) VALUES (4.6561401E7,80745.0,4.0,5.0);
--Fila 365
INSERT INTO PAGO.DETALLE (ID_DETALLE, ID_FACTURA, ID_PRODUCTO, CANTIDAD) VALUES (3.6445601E7,80643.0,135.0,1.0);
--Fila 366
INSERT INTO PAGO.DETALLE (ID_DETALLE, ID_FACTURA, ID_PRODUCTO, CANTIDAD) VALUES (3.0584416E7,80653.0,115.0,2.0);
--Fila 367
INSERT INTO PAGO.DETALLE (ID_DETALLE, ID_FACTURA, ID_PRODUCTO, CANTIDAD) VALUES (8.1741627E7,80515.0,119.0,1.0);
--Fila 368
INSERT INTO PAGO.DETALLE (ID_DETALLE, ID_FACTURA, ID_PRODUCTO, CANTIDAD) VALUES (1.7778952E7,80799.0,29.0,2.0);
--Fila 369
INSERT INTO PAGO.DETALLE (ID_DETALLE, ID_FACTURA, ID_PRODUCTO, CANTIDAD) VALUES (3.1222992E7,80747.0,4.0,5.0);
--Fila 370
INSERT INTO PAGO.DETALLE (ID_DETALLE, ID_FACTURA, ID_PRODUCTO, CANTIDAD) VALUES (9.197875E7,80656.0,129.0,5.0);
--Fila 371
INSERT INTO PAGO.DETALLE (ID_DETALLE, ID_FACTURA, ID_PRODUCTO, CANTIDAD) VALUES (2.7367989E7,80521.0,4.0,3.0);
--Fila 372
INSERT INTO PAGO.DETALLE (ID_DETALLE, ID_FACTURA, ID_PRODUCTO, CANTIDAD) VALUES (6.3572791E7,80601.0,109.0,5.0);
--Fila 373
INSERT INTO PAGO.DETALLE (ID_DETALLE, ID_FACTURA, ID_PRODUCTO, CANTIDAD) VALUES (3.1250909E7,80562.0,60.0,4.0);
--Fila 374
INSERT INTO PAGO.DETALLE (ID_DETALLE, ID_FACTURA, ID_PRODUCTO, CANTIDAD) VALUES (9.3692494E7,80525.0,135.0,5.0);
--Fila 375
INSERT INTO PAGO.DETALLE (ID_DETALLE, ID_FACTURA, ID_PRODUCTO, CANTIDAD) VALUES (4.8524059E7,80593.0,94.0,4.0);
--Fila 376
INSERT INTO PAGO.DETALLE (ID_DETALLE, ID_FACTURA, ID_PRODUCTO, CANTIDAD) VALUES (8.0985499E7,80727.0,26.0,1.0);
--Fila 377
INSERT INTO PAGO.DETALLE (ID_DETALLE, ID_FACTURA, ID_PRODUCTO, CANTIDAD) VALUES (5.0203668E7,80552.0,122.0,3.0);
--Fila 378
INSERT INTO PAGO.DETALLE (ID_DETALLE, ID_FACTURA, ID_PRODUCTO, CANTIDAD) VALUES (3.8350085E7,80640.0,59.0,3.0);
--Fila 379
INSERT INTO PAGO.DETALLE (ID_DETALLE, ID_FACTURA, ID_PRODUCTO, CANTIDAD) VALUES (4.5866608E7,80749.0,23.0,4.0);
--Fila 380
INSERT INTO PAGO.DETALLE (ID_DETALLE, ID_FACTURA, ID_PRODUCTO, CANTIDAD) VALUES (4.814213E7,80524.0,144.0,5.0);
--Fila 381
INSERT INTO PAGO.DETALLE (ID_DETALLE, ID_FACTURA, ID_PRODUCTO, CANTIDAD) VALUES (3.1964712E7,80667.0,39.0,1.0);
--Fila 382
INSERT INTO PAGO.DETALLE (ID_DETALLE, ID_FACTURA, ID_PRODUCTO, CANTIDAD) VALUES (5.3085171E7,80543.0,116.0,2.0);
--Fila 383
INSERT INTO PAGO.DETALLE (ID_DETALLE, ID_FACTURA, ID_PRODUCTO, CANTIDAD) VALUES (8.9741764E7,80797.0,0.0,4.0);
--Fila 384
INSERT INTO PAGO.DETALLE (ID_DETALLE, ID_FACTURA, ID_PRODUCTO, CANTIDAD) VALUES (8.9488205E7,80756.0,27.0,4.0);
--Fila 385
INSERT INTO PAGO.DETALLE (ID_DETALLE, ID_FACTURA, ID_PRODUCTO, CANTIDAD) VALUES (1.7996159E7,80732.0,38.0,4.0);
--Fila 386
INSERT INTO PAGO.DETALLE (ID_DETALLE, ID_FACTURA, ID_PRODUCTO, CANTIDAD) VALUES (4.6814444E7,80637.0,9.0,1.0);
--Fila 387
INSERT INTO PAGO.DETALLE (ID_DETALLE, ID_FACTURA, ID_PRODUCTO, CANTIDAD) VALUES (7.3521262E7,80751.0,81.0,3.0);
--Fila 388
INSERT INTO PAGO.DETALLE (ID_DETALLE, ID_FACTURA, ID_PRODUCTO, CANTIDAD) VALUES (5.9806894E7,80608.0,16.0,3.0);
--Fila 389
INSERT INTO PAGO.DETALLE (ID_DETALLE, ID_FACTURA, ID_PRODUCTO, CANTIDAD) VALUES (4.7438959E7,80719.0,90.0,2.0);
--Fila 390
INSERT INTO PAGO.DETALLE (ID_DETALLE, ID_FACTURA, ID_PRODUCTO, CANTIDAD) VALUES (7.8035351E7,80604.0,128.0,5.0);
--Fila 391
INSERT INTO PAGO.DETALLE (ID_DETALLE, ID_FACTURA, ID_PRODUCTO, CANTIDAD) VALUES (4.7475867E7,80590.0,25.0,5.0);
--Fila 392
INSERT INTO PAGO.DETALLE (ID_DETALLE, ID_FACTURA, ID_PRODUCTO, CANTIDAD) VALUES (4.7352604E7,80641.0,23.0,5.0);
--Fila 393
INSERT INTO PAGO.DETALLE (ID_DETALLE, ID_FACTURA, ID_PRODUCTO, CANTIDAD) VALUES (8.3611844E7,80518.0,136.0,1.0);
--Fila 394
INSERT INTO PAGO.DETALLE (ID_DETALLE, ID_FACTURA, ID_PRODUCTO, CANTIDAD) VALUES (8.556977E7,80761.0,86.0,4.0);
--Fila 395
INSERT INTO PAGO.DETALLE (ID_DETALLE, ID_FACTURA, ID_PRODUCTO, CANTIDAD) VALUES (2.9587928E7,80733.0,112.0,4.0);
--Fila 396
INSERT INTO PAGO.DETALLE (ID_DETALLE, ID_FACTURA, ID_PRODUCTO, CANTIDAD) VALUES (5.9507181E7,80730.0,100.0,5.0);
--Fila 397
INSERT INTO PAGO.DETALLE (ID_DETALLE, ID_FACTURA, ID_PRODUCTO, CANTIDAD) VALUES (2.802184E7,80515.0,117.0,2.0);
--Fila 398
INSERT INTO PAGO.DETALLE (ID_DETALLE, ID_FACTURA, ID_PRODUCTO, CANTIDAD) VALUES (8.0635388E7,80642.0,53.0,2.0);
--Fila 399
INSERT INTO PAGO.DETALLE (ID_DETALLE, ID_FACTURA, ID_PRODUCTO, CANTIDAD) VALUES (4.6636805E7,80658.0,50.0,4.0);
--Fila 400
INSERT INTO PAGO.DETALLE (ID_DETALLE, ID_FACTURA, ID_PRODUCTO, CANTIDAD) VALUES (8.4193363E7,80542.0,142.0,4.0);
--Fila 401
INSERT INTO PAGO.DETALLE (ID_DETALLE, ID_FACTURA, ID_PRODUCTO, CANTIDAD) VALUES (8.152078E7,80533.0,9.0,3.0);
--Fila 402
INSERT INTO PAGO.DETALLE (ID_DETALLE, ID_FACTURA, ID_PRODUCTO, CANTIDAD) VALUES (6.6530196E7,80726.0,107.0,2.0);
--Fila 403
INSERT INTO PAGO.DETALLE (ID_DETALLE, ID_FACTURA, ID_PRODUCTO, CANTIDAD) VALUES (8.6123224E7,80553.0,77.0,4.0);
--Fila 404
INSERT INTO PAGO.DETALLE (ID_DETALLE, ID_FACTURA, ID_PRODUCTO, CANTIDAD) VALUES (4.2327992E7,80598.0,40.0,1.0);
--Fila 405
INSERT INTO PAGO.DETALLE (ID_DETALLE, ID_FACTURA, ID_PRODUCTO, CANTIDAD) VALUES (3.1798148E7,80538.0,6.0,1.0);
--Fila 406
INSERT INTO PAGO.DETALLE (ID_DETALLE, ID_FACTURA, ID_PRODUCTO, CANTIDAD) VALUES (8.756313E7,80692.0,113.0,3.0);
--Fila 407
INSERT INTO PAGO.DETALLE (ID_DETALLE, ID_FACTURA, ID_PRODUCTO, CANTIDAD) VALUES (9.2852068E7,80607.0,115.0,5.0);
--Fila 408
INSERT INTO PAGO.DETALLE (ID_DETALLE, ID_FACTURA, ID_PRODUCTO, CANTIDAD) VALUES (4.0438693E7,80612.0,11.0,2.0);
--Fila 409
INSERT INTO PAGO.DETALLE (ID_DETALLE, ID_FACTURA, ID_PRODUCTO, CANTIDAD) VALUES (8.9982537E7,80641.0,3.0,1.0);
--Fila 410
INSERT INTO PAGO.DETALLE (ID_DETALLE, ID_FACTURA, ID_PRODUCTO, CANTIDAD) VALUES (5.5028475E7,80634.0,86.0,2.0);
--Fila 411
INSERT INTO PAGO.DETALLE (ID_DETALLE, ID_FACTURA, ID_PRODUCTO, CANTIDAD) VALUES (7.181317E7,80661.0,91.0,5.0);
--Fila 412
INSERT INTO PAGO.DETALLE (ID_DETALLE, ID_FACTURA, ID_PRODUCTO, CANTIDAD) VALUES (7.4335692E7,80560.0,89.0,1.0);
--Fila 413
INSERT INTO PAGO.DETALLE (ID_DETALLE, ID_FACTURA, ID_PRODUCTO, CANTIDAD) VALUES (6.4520053E7,80756.0,25.0,5.0);
--Fila 414
INSERT INTO PAGO.DETALLE (ID_DETALLE, ID_FACTURA, ID_PRODUCTO, CANTIDAD) VALUES (7.4956382E7,80598.0,90.0,5.0);
--Fila 415
INSERT INTO PAGO.DETALLE (ID_DETALLE, ID_FACTURA, ID_PRODUCTO, CANTIDAD) VALUES (3.3678012E7,80606.0,61.0,3.0);
--Fila 416
INSERT INTO PAGO.DETALLE (ID_DETALLE, ID_FACTURA, ID_PRODUCTO, CANTIDAD) VALUES (7.1043945E7,80634.0,53.0,5.0);
--Fila 417
INSERT INTO PAGO.DETALLE (ID_DETALLE, ID_FACTURA, ID_PRODUCTO, CANTIDAD) VALUES (3.305786E7,80558.0,34.0,1.0);
--Fila 418
INSERT INTO PAGO.DETALLE (ID_DETALLE, ID_FACTURA, ID_PRODUCTO, CANTIDAD) VALUES (5.3221564E7,80669.0,29.0,1.0);
--Fila 419
INSERT INTO PAGO.DETALLE (ID_DETALLE, ID_FACTURA, ID_PRODUCTO, CANTIDAD) VALUES (3.2328739E7,80565.0,31.0,1.0);
--Fila 420
INSERT INTO PAGO.DETALLE (ID_DETALLE, ID_FACTURA, ID_PRODUCTO, CANTIDAD) VALUES (9.2484324E7,80585.0,135.0,1.0);
--Fila 421
INSERT INTO PAGO.DETALLE (ID_DETALLE, ID_FACTURA, ID_PRODUCTO, CANTIDAD) VALUES (4.681722E7,80696.0,130.0,1.0);
--Fila 422
INSERT INTO PAGO.DETALLE (ID_DETALLE, ID_FACTURA, ID_PRODUCTO, CANTIDAD) VALUES (5.7472206E7,80511.0,91.0,3.0);
--Fila 423
INSERT INTO PAGO.DETALLE (ID_DETALLE, ID_FACTURA, ID_PRODUCTO, CANTIDAD) VALUES (2.9347907E7,80572.0,95.0,3.0);
--Fila 424
INSERT INTO PAGO.DETALLE (ID_DETALLE, ID_FACTURA, ID_PRODUCTO, CANTIDAD) VALUES (5.4841602E7,80535.0,120.0,5.0);
--Fila 425
INSERT INTO PAGO.DETALLE (ID_DETALLE, ID_FACTURA, ID_PRODUCTO, CANTIDAD) VALUES (4.0188429E7,80792.0,143.0,4.0);
--Fila 426
INSERT INTO PAGO.DETALLE (ID_DETALLE, ID_FACTURA, ID_PRODUCTO, CANTIDAD) VALUES (7.5172877E7,80585.0,5.0,2.0);
--Fila 427
INSERT INTO PAGO.DETALLE (ID_DETALLE, ID_FACTURA, ID_PRODUCTO, CANTIDAD) VALUES (4.1470786E7,80516.0,142.0,3.0);
--Fila 428
INSERT INTO PAGO.DETALLE (ID_DETALLE, ID_FACTURA, ID_PRODUCTO, CANTIDAD) VALUES (1.7312527E7,80646.0,51.0,2.0);
--Fila 429
INSERT INTO PAGO.DETALLE (ID_DETALLE, ID_FACTURA, ID_PRODUCTO, CANTIDAD) VALUES (4.6237821E7,80660.0,136.0,2.0);
--Fila 430
INSERT INTO PAGO.DETALLE (ID_DETALLE, ID_FACTURA, ID_PRODUCTO, CANTIDAD) VALUES (6.5261953E7,80573.0,90.0,2.0);
--Fila 431
INSERT INTO PAGO.DETALLE (ID_DETALLE, ID_FACTURA, ID_PRODUCTO, CANTIDAD) VALUES (3.7555037E7,80609.0,96.0,1.0);
--Fila 432
INSERT INTO PAGO.DETALLE (ID_DETALLE, ID_FACTURA, ID_PRODUCTO, CANTIDAD) VALUES (9.3071891E7,80653.0,32.0,5.0);
--Fila 433
INSERT INTO PAGO.DETALLE (ID_DETALLE, ID_FACTURA, ID_PRODUCTO, CANTIDAD) VALUES (3.9407959E7,80759.0,14.0,4.0);
--Fila 434
INSERT INTO PAGO.DETALLE (ID_DETALLE, ID_FACTURA, ID_PRODUCTO, CANTIDAD) VALUES (3.8270949E7,80502.0,54.0,2.0);
--Fila 435
INSERT INTO PAGO.DETALLE (ID_DETALLE, ID_FACTURA, ID_PRODUCTO, CANTIDAD) VALUES (3.2076684E7,80537.0,18.0,4.0);
--Fila 436
INSERT INTO PAGO.DETALLE (ID_DETALLE, ID_FACTURA, ID_PRODUCTO, CANTIDAD) VALUES (1.9205442E7,80676.0,93.0,5.0);
--Fila 437
INSERT INTO PAGO.DETALLE (ID_DETALLE, ID_FACTURA, ID_PRODUCTO, CANTIDAD) VALUES (6.3919964E7,80738.0,50.0,3.0);
--Fila 438
INSERT INTO PAGO.DETALLE (ID_DETALLE, ID_FACTURA, ID_PRODUCTO, CANTIDAD) VALUES (7.0122074E7,80514.0,60.0,4.0);
--Fila 439
INSERT INTO PAGO.DETALLE (ID_DETALLE, ID_FACTURA, ID_PRODUCTO, CANTIDAD) VALUES (3.1034923E7,80591.0,149.0,4.0);
--Fila 440
INSERT INTO PAGO.DETALLE (ID_DETALLE, ID_FACTURA, ID_PRODUCTO, CANTIDAD) VALUES (2.9889729E7,80505.0,21.0,1.0);
--Fila 441
INSERT INTO PAGO.DETALLE (ID_DETALLE, ID_FACTURA, ID_PRODUCTO, CANTIDAD) VALUES (5.5541936E7,80561.0,65.0,5.0);
--Fila 442
INSERT INTO PAGO.DETALLE (ID_DETALLE, ID_FACTURA, ID_PRODUCTO, CANTIDAD) VALUES (3.1750237E7,80579.0,20.0,2.0);
--Fila 443
INSERT INTO PAGO.DETALLE (ID_DETALLE, ID_FACTURA, ID_PRODUCTO, CANTIDAD) VALUES (7.4251981E7,80717.0,144.0,3.0);
--Fila 444
INSERT INTO PAGO.DETALLE (ID_DETALLE, ID_FACTURA, ID_PRODUCTO, CANTIDAD) VALUES (5.0909028E7,80747.0,68.0,2.0);
--Fila 445
INSERT INTO PAGO.DETALLE (ID_DETALLE, ID_FACTURA, ID_PRODUCTO, CANTIDAD) VALUES (8.8905198E7,80728.0,76.0,1.0);
--Fila 446
INSERT INTO PAGO.DETALLE (ID_DETALLE, ID_FACTURA, ID_PRODUCTO, CANTIDAD) VALUES (4.2061725E7,80609.0,13.0,3.0);
--Fila 447
INSERT INTO PAGO.DETALLE (ID_DETALLE, ID_FACTURA, ID_PRODUCTO, CANTIDAD) VALUES (4.0487122E7,80524.0,145.0,2.0);
--Fila 448
INSERT INTO PAGO.DETALLE (ID_DETALLE, ID_FACTURA, ID_PRODUCTO, CANTIDAD) VALUES (2.5081607E7,80605.0,64.0,1.0);
--Fila 449
INSERT INTO PAGO.DETALLE (ID_DETALLE, ID_FACTURA, ID_PRODUCTO, CANTIDAD) VALUES (2.5777673E7,80585.0,9.0,4.0);
--Fila 450
INSERT INTO PAGO.DETALLE (ID_DETALLE, ID_FACTURA, ID_PRODUCTO, CANTIDAD) VALUES (4.2035255E7,80724.0,97.0,5.0);
--Fila 451
INSERT INTO PAGO.DETALLE (ID_DETALLE, ID_FACTURA, ID_PRODUCTO, CANTIDAD) VALUES (4.8466289E7,80677.0,135.0,2.0);
--Fila 452
INSERT INTO PAGO.DETALLE (ID_DETALLE, ID_FACTURA, ID_PRODUCTO, CANTIDAD) VALUES (7.1915414E7,80624.0,23.0,3.0);
--Fila 453
INSERT INTO PAGO.DETALLE (ID_DETALLE, ID_FACTURA, ID_PRODUCTO, CANTIDAD) VALUES (8.580442E7,80711.0,97.0,3.0);
--Fila 454
INSERT INTO PAGO.DETALLE (ID_DETALLE, ID_FACTURA, ID_PRODUCTO, CANTIDAD) VALUES (4.6938005E7,80683.0,1.0,1.0);
--Fila 455
INSERT INTO PAGO.DETALLE (ID_DETALLE, ID_FACTURA, ID_PRODUCTO, CANTIDAD) VALUES (4.1828442E7,80791.0,44.0,2.0);
--Fila 456
INSERT INTO PAGO.DETALLE (ID_DETALLE, ID_FACTURA, ID_PRODUCTO, CANTIDAD) VALUES (6.363365E7,80738.0,13.0,3.0);
--Fila 457
INSERT INTO PAGO.DETALLE (ID_DETALLE, ID_FACTURA, ID_PRODUCTO, CANTIDAD) VALUES (4.8747771E7,80641.0,129.0,5.0);
--Fila 458
INSERT INTO PAGO.DETALLE (ID_DETALLE, ID_FACTURA, ID_PRODUCTO, CANTIDAD) VALUES (4.3273945E7,80754.0,116.0,2.0);
--Fila 459
INSERT INTO PAGO.DETALLE (ID_DETALLE, ID_FACTURA, ID_PRODUCTO, CANTIDAD) VALUES (3.5755228E7,80725.0,47.0,2.0);
--Fila 460
INSERT INTO PAGO.DETALLE (ID_DETALLE, ID_FACTURA, ID_PRODUCTO, CANTIDAD) VALUES (1.9174669E7,80743.0,87.0,3.0);
--Fila 461
INSERT INTO PAGO.DETALLE (ID_DETALLE, ID_FACTURA, ID_PRODUCTO, CANTIDAD) VALUES (1.7970807E7,80521.0,125.0,3.0);
--Fila 462
INSERT INTO PAGO.DETALLE (ID_DETALLE, ID_FACTURA, ID_PRODUCTO, CANTIDAD) VALUES (7.4685642E7,80748.0,26.0,3.0);
--Fila 463
INSERT INTO PAGO.DETALLE (ID_DETALLE, ID_FACTURA, ID_PRODUCTO, CANTIDAD) VALUES (9.3189038E7,80657.0,7.0,5.0);
--Fila 464
INSERT INTO PAGO.DETALLE (ID_DETALLE, ID_FACTURA, ID_PRODUCTO, CANTIDAD) VALUES (5.2145184E7,80625.0,103.0,5.0);
--Fila 465
INSERT INTO PAGO.DETALLE (ID_DETALLE, ID_FACTURA, ID_PRODUCTO, CANTIDAD) VALUES (7.9883556E7,80676.0,29.0,2.0);
--Fila 466
INSERT INTO PAGO.DETALLE (ID_DETALLE, ID_FACTURA, ID_PRODUCTO, CANTIDAD) VALUES (8.9976515E7,80605.0,14.0,4.0);
--Fila 467
INSERT INTO PAGO.DETALLE (ID_DETALLE, ID_FACTURA, ID_PRODUCTO, CANTIDAD) VALUES (6.3952746E7,80505.0,1.0,3.0);
--Fila 468
INSERT INTO PAGO.DETALLE (ID_DETALLE, ID_FACTURA, ID_PRODUCTO, CANTIDAD) VALUES (3.0564933E7,80622.0,1.0,1.0);
--Fila 469
INSERT INTO PAGO.DETALLE (ID_DETALLE, ID_FACTURA, ID_PRODUCTO, CANTIDAD) VALUES (3.6603807E7,80778.0,38.0,3.0);
--Fila 470
INSERT INTO PAGO.DETALLE (ID_DETALLE, ID_FACTURA, ID_PRODUCTO, CANTIDAD) VALUES (1.7771194E7,80715.0,46.0,4.0);
--Fila 471
INSERT INTO PAGO.DETALLE (ID_DETALLE, ID_FACTURA, ID_PRODUCTO, CANTIDAD) VALUES (8.1720971E7,80513.0,129.0,1.0);
--Fila 472
INSERT INTO PAGO.DETALLE (ID_DETALLE, ID_FACTURA, ID_PRODUCTO, CANTIDAD) VALUES (4.5748255E7,80661.0,114.0,4.0);
--Fila 473
INSERT INTO PAGO.DETALLE (ID_DETALLE, ID_FACTURA, ID_PRODUCTO, CANTIDAD) VALUES (2.3612127E7,80666.0,85.0,3.0);
--Fila 474
INSERT INTO PAGO.DETALLE (ID_DETALLE, ID_FACTURA, ID_PRODUCTO, CANTIDAD) VALUES (7.0041796E7,80740.0,36.0,2.0);
--Fila 475
INSERT INTO PAGO.DETALLE (ID_DETALLE, ID_FACTURA, ID_PRODUCTO, CANTIDAD) VALUES (1.9343701E7,80743.0,102.0,3.0);
--Fila 476
INSERT INTO PAGO.DETALLE (ID_DETALLE, ID_FACTURA, ID_PRODUCTO, CANTIDAD) VALUES (5.0603428E7,80569.0,96.0,2.0);
--Fila 477
INSERT INTO PAGO.DETALLE (ID_DETALLE, ID_FACTURA, ID_PRODUCTO, CANTIDAD) VALUES (1.9570941E7,80770.0,2.0,5.0);
--Fila 478
INSERT INTO PAGO.DETALLE (ID_DETALLE, ID_FACTURA, ID_PRODUCTO, CANTIDAD) VALUES (8.4556455E7,80590.0,49.0,2.0);
--Fila 479
INSERT INTO PAGO.DETALLE (ID_DETALLE, ID_FACTURA, ID_PRODUCTO, CANTIDAD) VALUES (4.4882737E7,80774.0,113.0,5.0);
--Fila 480
INSERT INTO PAGO.DETALLE (ID_DETALLE, ID_FACTURA, ID_PRODUCTO, CANTIDAD) VALUES (2.6821643E7,80666.0,30.0,4.0);
--Fila 481
INSERT INTO PAGO.DETALLE (ID_DETALLE, ID_FACTURA, ID_PRODUCTO, CANTIDAD) VALUES (5.6426753E7,80598.0,75.0,4.0);
--Fila 482
INSERT INTO PAGO.DETALLE (ID_DETALLE, ID_FACTURA, ID_PRODUCTO, CANTIDAD) VALUES (3.6819726E7,80669.0,29.0,3.0);
--Fila 483
INSERT INTO PAGO.DETALLE (ID_DETALLE, ID_FACTURA, ID_PRODUCTO, CANTIDAD) VALUES (4.7994849E7,80698.0,11.0,5.0);
--Fila 484
INSERT INTO PAGO.DETALLE (ID_DETALLE, ID_FACTURA, ID_PRODUCTO, CANTIDAD) VALUES (8.3784939E7,80650.0,128.0,2.0);
--Fila 485
INSERT INTO PAGO.DETALLE (ID_DETALLE, ID_FACTURA, ID_PRODUCTO, CANTIDAD) VALUES (8.0713863E7,80779.0,26.0,4.0);
--Fila 486
INSERT INTO PAGO.DETALLE (ID_DETALLE, ID_FACTURA, ID_PRODUCTO, CANTIDAD) VALUES (4.9289023E7,80717.0,116.0,2.0);
--Fila 487
INSERT INTO PAGO.DETALLE (ID_DETALLE, ID_FACTURA, ID_PRODUCTO, CANTIDAD) VALUES (3.0213931E7,80527.0,23.0,1.0);
--Fila 488
INSERT INTO PAGO.DETALLE (ID_DETALLE, ID_FACTURA, ID_PRODUCTO, CANTIDAD) VALUES (3.9550389E7,80532.0,139.0,4.0);
--Fila 489
INSERT INTO PAGO.DETALLE (ID_DETALLE, ID_FACTURA, ID_PRODUCTO, CANTIDAD) VALUES (4.0699465E7,80595.0,7.0,4.0);
--Fila 490
INSERT INTO PAGO.DETALLE (ID_DETALLE, ID_FACTURA, ID_PRODUCTO, CANTIDAD) VALUES (3.9463348E7,80592.0,57.0,2.0);
--Fila 491
INSERT INTO PAGO.DETALLE (ID_DETALLE, ID_FACTURA, ID_PRODUCTO, CANTIDAD) VALUES (5.3754872E7,80729.0,77.0,3.0);
--Fila 492
INSERT INTO PAGO.DETALLE (ID_DETALLE, ID_FACTURA, ID_PRODUCTO, CANTIDAD) VALUES (7.8880483E7,80510.0,43.0,1.0);
--Fila 493
INSERT INTO PAGO.DETALLE (ID_DETALLE, ID_FACTURA, ID_PRODUCTO, CANTIDAD) VALUES (6.5380927E7,80537.0,8.0,2.0);
--Fila 494
INSERT INTO PAGO.DETALLE (ID_DETALLE, ID_FACTURA, ID_PRODUCTO, CANTIDAD) VALUES (4.7679984E7,80778.0,93.0,4.0);
--Fila 495
INSERT INTO PAGO.DETALLE (ID_DETALLE, ID_FACTURA, ID_PRODUCTO, CANTIDAD) VALUES (5.0223437E7,80708.0,107.0,1.0);
--Fila 496
INSERT INTO PAGO.DETALLE (ID_DETALLE, ID_FACTURA, ID_PRODUCTO, CANTIDAD) VALUES (6.1895747E7,80534.0,14.0,2.0);
--Fila 497
INSERT INTO PAGO.DETALLE (ID_DETALLE, ID_FACTURA, ID_PRODUCTO, CANTIDAD) VALUES (7.168225E7,80728.0,117.0,5.0);
--Fila 498
INSERT INTO PAGO.DETALLE (ID_DETALLE, ID_FACTURA, ID_PRODUCTO, CANTIDAD) VALUES (7.4780807E7,80746.0,140.0,2.0);
--Fila 499
INSERT INTO PAGO.DETALLE (ID_DETALLE, ID_FACTURA, ID_PRODUCTO, CANTIDAD) VALUES (6.086901E7,80630.0,29.0,1.0);
--Fila 500
INSERT INTO PAGO.DETALLE (ID_DETALLE, ID_FACTURA, ID_PRODUCTO, CANTIDAD) VALUES (3.8111731E7,80565.0,25.0,3.0);
--Fila 501
INSERT INTO PAGO.DETALLE (ID_DETALLE, ID_FACTURA, ID_PRODUCTO, CANTIDAD) VALUES (5.2629625E7,80569.0,125.0,4.0);
--Fila 502
INSERT INTO PAGO.DETALLE (ID_DETALLE, ID_FACTURA, ID_PRODUCTO, CANTIDAD) VALUES (6.4575071E7,80543.0,6.0,5.0);



INSERT INTO PAGO.FACTURA (ID_FACTURA, ID_CLIENTE, FECHA, ID_PAGO) VALUES (id_Factura,id_cliente,to_date('fecha', 'DD/MM/RR'),num_pago);
--Fallo de insercin en las filas  2  mediante  302 
--ORA-02291: integrity constraint (PAGO.FK_FACTURA_CLIENTE) violated - parent key not found
--Fila 257
INSERT INTO PAGO.FACTURA (ID_FACTURA, ID_CLIENTE, FECHA, ID_PAGO) VALUES (80755.0,1192.0,to_date('21/06/2018', 'DD/MM/RR'),853706.0);
--Fila 258
INSERT INTO PAGO.FACTURA (ID_FACTURA, ID_CLIENTE, FECHA, ID_PAGO) VALUES (80756.0,1165.0,to_date('12/07/2018', 'DD/MM/RR'),922503.0);
--Fila 259
INSERT INTO PAGO.FACTURA (ID_FACTURA, ID_CLIENTE, FECHA, ID_PAGO) VALUES (80757.0,1059.0,to_date('05/07/2018', 'DD/MM/RR'),776502.0);
--Fila 260
INSERT INTO PAGO.FACTURA (ID_FACTURA, ID_CLIENTE, FECHA, ID_PAGO) VALUES (80758.0,1195.0,to_date('22/07/2018', 'DD/MM/RR'),736851.0);
--Fila 261
INSERT INTO PAGO.FACTURA (ID_FACTURA, ID_CLIENTE, FECHA, ID_PAGO) VALUES (80759.0,1060.0,to_date('25/07/2018', 'DD/MM/RR'),600474.0);
--Fila 262
INSERT INTO PAGO.FACTURA (ID_FACTURA, ID_CLIENTE, FECHA, ID_PAGO) VALUES (80760.0,1039.0,to_date('05/06/2018', 'DD/MM/RR'),717044.0);
--Fila 263
INSERT INTO PAGO.FACTURA (ID_FACTURA, ID_CLIENTE, FECHA, ID_PAGO) VALUES (80761.0,1045.0,to_date('21/06/2018', 'DD/MM/RR'),777347.0);
--Fila 264
INSERT INTO PAGO.FACTURA (ID_FACTURA, ID_CLIENTE, FECHA, ID_PAGO) VALUES (80762.0,1017.0,to_date('21/06/2018', 'DD/MM/RR'),354958.0);
--Fila 265
INSERT INTO PAGO.FACTURA (ID_FACTURA, ID_CLIENTE, FECHA, ID_PAGO) VALUES (80763.0,1066.0,to_date('18/07/2018', 'DD/MM/RR'),445930.0);
--Fila 266
INSERT INTO PAGO.FACTURA (ID_FACTURA, ID_CLIENTE, FECHA, ID_PAGO) VALUES (80764.0,1179.0,to_date('13/06/2018', 'DD/MM/RR'),545797.0);
--Fila 267
INSERT INTO PAGO.FACTURA (ID_FACTURA, ID_CLIENTE, FECHA, ID_PAGO) VALUES (80765.0,1058.0,to_date('29/07/2018', 'DD/MM/RR'),623016.0);
--Fila 268
INSERT INTO PAGO.FACTURA (ID_FACTURA, ID_CLIENTE, FECHA, ID_PAGO) VALUES (80766.0,1189.0,to_date('27/07/2018', 'DD/MM/RR'),931662.0);
--Fila 269
INSERT INTO PAGO.FACTURA (ID_FACTURA, ID_CLIENTE, FECHA, ID_PAGO) VALUES (80767.0,1079.0,to_date('16/07/2018', 'DD/MM/RR'),301097.0);
--Fila 270
INSERT INTO PAGO.FACTURA (ID_FACTURA, ID_CLIENTE, FECHA, ID_PAGO) VALUES (80768.0,1193.0,to_date('09/07/2018', 'DD/MM/RR'),262935.0);
--Fila 271
INSERT INTO PAGO.FACTURA (ID_FACTURA, ID_CLIENTE, FECHA, ID_PAGO) VALUES (80769.0,1158.0,to_date('04/07/2018', 'DD/MM/RR'),604719.0);
--Fila 272
INSERT INTO PAGO.FACTURA (ID_FACTURA, ID_CLIENTE, FECHA, ID_PAGO) VALUES (80770.0,1141.0,to_date('04/07/2018', 'DD/MM/RR'),304927.0);
--Fila 273
INSERT INTO PAGO.FACTURA (ID_FACTURA, ID_CLIENTE, FECHA, ID_PAGO) VALUES (80771.0,1183.0,to_date('29/07/2018', 'DD/MM/RR'),382546.0);
--Fila 274
INSERT INTO PAGO.FACTURA (ID_FACTURA, ID_CLIENTE, FECHA, ID_PAGO) VALUES (80772.0,1123.0,to_date('16/06/2018', 'DD/MM/RR'),408159.0);
--Fila 275
INSERT INTO PAGO.FACTURA (ID_FACTURA, ID_CLIENTE, FECHA, ID_PAGO) VALUES (80773.0,1014.0,to_date('01/06/2018', 'DD/MM/RR'),871918.0);
--Fila 276
INSERT INTO PAGO.FACTURA (ID_FACTURA, ID_CLIENTE, FECHA, ID_PAGO) VALUES (80774.0,1041.0,to_date('16/06/2018', 'DD/MM/RR'),405085.0);
--Fila 277
INSERT INTO PAGO.FACTURA (ID_FACTURA, ID_CLIENTE, FECHA, ID_PAGO) VALUES (80775.0,1108.0,to_date('19/07/2018', 'DD/MM/RR'),454039.0);
--Fila 278
INSERT INTO PAGO.FACTURA (ID_FACTURA, ID_CLIENTE, FECHA, ID_PAGO) VALUES (80776.0,1079.0,to_date('15/07/2018', 'DD/MM/RR'),467557.0);
--Fila 279
INSERT INTO PAGO.FACTURA (ID_FACTURA, ID_CLIENTE, FECHA, ID_PAGO) VALUES (80777.0,1171.0,to_date('02/07/2018', 'DD/MM/RR'),349183.0);
--Fila 280
INSERT INTO PAGO.FACTURA (ID_FACTURA, ID_CLIENTE, FECHA, ID_PAGO) VALUES (80778.0,1035.0,to_date('23/07/2018', 'DD/MM/RR'),476894.0);
--Fila 281
INSERT INTO PAGO.FACTURA (ID_FACTURA, ID_CLIENTE, FECHA, ID_PAGO) VALUES (80779.0,1152.0,to_date('11/06/2018', 'DD/MM/RR'),182386.0);
--Fila 282
INSERT INTO PAGO.FACTURA (ID_FACTURA, ID_CLIENTE, FECHA, ID_PAGO) VALUES (80780.0,1061.0,to_date('26/07/2018', 'DD/MM/RR'),463294.0);
--Fila 283
INSERT INTO PAGO.FACTURA (ID_FACTURA, ID_CLIENTE, FECHA, ID_PAGO) VALUES (80781.0,1065.0,to_date('10/07/2018', 'DD/MM/RR'),188807.0);
--Fila 284
INSERT INTO PAGO.FACTURA (ID_FACTURA, ID_CLIENTE, FECHA, ID_PAGO) VALUES (80782.0,1160.0,to_date('01/07/2018', 'DD/MM/RR'),239046.0);
--Fila 285
INSERT INTO PAGO.FACTURA (ID_FACTURA, ID_CLIENTE, FECHA, ID_PAGO) VALUES (80783.0,1097.0,to_date('06/07/2018', 'DD/MM/RR'),293865.0);
--Fila 286
INSERT INTO PAGO.FACTURA (ID_FACTURA, ID_CLIENTE, FECHA, ID_PAGO) VALUES (80784.0,1039.0,to_date('22/07/2018', 'DD/MM/RR'),469041.0);
--Fila 287
INSERT INTO PAGO.FACTURA (ID_FACTURA, ID_CLIENTE, FECHA, ID_PAGO) VALUES (80785.0,1015.0,to_date('21/07/2018', 'DD/MM/RR'),806976.0);
--Fila 288
INSERT INTO PAGO.FACTURA (ID_FACTURA, ID_CLIENTE, FECHA, ID_PAGO) VALUES (80786.0,1192.0,to_date('16/06/2018', 'DD/MM/RR'),683063.0);
--Fila 289
INSERT INTO PAGO.FACTURA (ID_FACTURA, ID_CLIENTE, FECHA, ID_PAGO) VALUES (80787.0,1196.0,to_date('23/06/2018', 'DD/MM/RR'),282033.0);
--Fila 290
INSERT INTO PAGO.FACTURA (ID_FACTURA, ID_CLIENTE, FECHA, ID_PAGO) VALUES (80788.0,1156.0,to_date('18/07/2018', 'DD/MM/RR'),481756.0);
--Fila 291
INSERT INTO PAGO.FACTURA (ID_FACTURA, ID_CLIENTE, FECHA, ID_PAGO) VALUES (80789.0,1042.0,to_date('28/07/2018', 'DD/MM/RR'),162918.0);
--Fila 292
INSERT INTO PAGO.FACTURA (ID_FACTURA, ID_CLIENTE, FECHA, ID_PAGO) VALUES (80790.0,1079.0,to_date('11/06/2018', 'DD/MM/RR'),165730.0);
--Fila 293
INSERT INTO PAGO.FACTURA (ID_FACTURA, ID_CLIENTE, FECHA, ID_PAGO) VALUES (80791.0,1088.0,to_date('26/07/2018', 'DD/MM/RR'),502771.0);
--Fila 294
INSERT INTO PAGO.FACTURA (ID_FACTURA, ID_CLIENTE, FECHA, ID_PAGO) VALUES (80792.0,1018.0,to_date('26/07/2018', 'DD/MM/RR'),569317.0);
--Fila 295
INSERT INTO PAGO.FACTURA (ID_FACTURA, ID_CLIENTE, FECHA, ID_PAGO) VALUES (80793.0,1081.0,to_date('18/07/2018', 'DD/MM/RR'),846030.0);
--Fila 296
INSERT INTO PAGO.FACTURA (ID_FACTURA, ID_CLIENTE, FECHA, ID_PAGO) VALUES (80794.0,1047.0,to_date('08/07/2018', 'DD/MM/RR'),338767.0);
--Fila 297
INSERT INTO PAGO.FACTURA (ID_FACTURA, ID_CLIENTE, FECHA, ID_PAGO) VALUES (80795.0,1116.0,to_date('26/06/2018', 'DD/MM/RR'),189867.0);
--Fila 298
INSERT INTO PAGO.FACTURA (ID_FACTURA, ID_CLIENTE, FECHA, ID_PAGO) VALUES (80796.0,1016.0,to_date('19/07/2018', 'DD/MM/RR'),329918.0);
--Fila 299
INSERT INTO PAGO.FACTURA (ID_FACTURA, ID_CLIENTE, FECHA, ID_PAGO) VALUES (80797.0,1187.0,to_date('10/07/2018', 'DD/MM/RR'),538218.0);
--Fila 300
INSERT INTO PAGO.FACTURA (ID_FACTURA, ID_CLIENTE, FECHA, ID_PAGO) VALUES (80798.0,1052.0,to_date('28/06/2018', 'DD/MM/RR'),353669.0);
--Fila 301
INSERT INTO PAGO.FACTURA (ID_FACTURA, ID_CLIENTE, FECHA, ID_PAGO) VALUES (80799.0,1005.0,to_date('27/06/2018', 'DD/MM/RR'),560768.0);
--Fila 302
INSERT INTO PAGO.FACTURA (ID_FACTURA, ID_CLIENTE, FECHA, ID_PAGO) VALUES (80800.0,1044.0,to_date('15/06/2018', 'DD/MM/RR'),275829.0);



--Fila 1
INSERT INTO PAGO.CLIENTE (ID_CLIENTE, NOMBRE, APELLIDO, DIRECCION, EMAIL) VALUES (id_cliente,'nombre','apellido','direccin','email');
--Fila 2
INSERT INTO PAGO.CLIENTE (ID_CLIENTE, NOMBRE, APELLIDO, DIRECCION, EMAIL) VALUES (1000.0,'MARITZA','ABARCA','COL. EX-NORMAL TUXTEPEC','maeillanes@hotmail.com');
--Fila 3
INSERT INTO PAGO.CLIENTE (ID_CLIENTE, NOMBRE, APELLIDO, DIRECCION, EMAIL) VALUES (1001.0,'OSVALDO','ABARCA','AV. INDEPENDENCIA NO. 241','osabarca@hotmail.com');
--Fila 4
INSERT INTO PAGO.CLIENTE (ID_CLIENTE, NOMBRE, APELLIDO, DIRECCION, EMAIL) VALUES (1002.0,'CAMILA','ABRIGO','AV. INDEPENDENCIA NO. 779','cabrigo@garmendia.cl');
--Fila 5
INSERT INTO PAGO.CLIENTE (ID_CLIENTE, NOMBRE, APELLIDO, DIRECCION, EMAIL) VALUES (1003.0,'IGNACIO','ABRIGO','AV. 20 DE NOVIEMBRE NO.1024','Sb.nashxo.sk8@hotmail.com');
--Fila 6
INSERT INTO PAGO.CLIENTE (ID_CLIENTE, NOMBRE, APELLIDO, DIRECCION, EMAIL) VALUES (1004.0,'FRANCISCA','ABUMOHOR','CARRETERA A LOMA ALTA S/N.','fran.afull@live.cl');
--Fila 7
INSERT INTO PAGO.CLIENTE (ID_CLIENTE, NOMBRE, APELLIDO, DIRECCION, EMAIL) VALUES (1005.0,'CARLOS','AGUILERA','AV. 20 DE NOVIEMBRE NO. 1060','carlosaguileram@hotmail.com');
--Fila 8
INSERT INTO PAGO.CLIENTE (ID_CLIENTE, NOMBRE, APELLIDO, DIRECCION, EMAIL) VALUES (1006.0,'CATALINA','AGUILERA','CALLE ZARAGOZA NO. 1010','ikis_rojo@hotmail.com');
--Fila 9
INSERT INTO PAGO.CLIENTE (ID_CLIENTE, NOMBRE, APELLIDO, DIRECCION, EMAIL) VALUES (1007.0,'DANIELA','AGUILERA','CALLE MATAMOROS NO. 310','daniela_aguilera_m500@hotmail.com');
--Fila 10
INSERT INTO PAGO.CLIENTE (ID_CLIENTE, NOMBRE, APELLIDO, DIRECCION, EMAIL) VALUES (1008.0,'FRANCISCA','AGUILERA','AV. 20 DE NOVIEMBRE NO.859-B','vizkala@hotmail.com');
--Fila 11
INSERT INTO PAGO.CLIENTE (ID_CLIENTE, NOMBRE, APELLIDO, DIRECCION, EMAIL) VALUES (1009.0,'FRANCISCO','AGUILERA','AV. 20 DE NOVIEMBRE NO 1053','alexus3@hotmail.com');
--Fila 12
INSERT INTO PAGO.CLIENTE (ID_CLIENTE, NOMBRE, APELLIDO, DIRECCION, EMAIL) VALUES (1010.0,'LUIS','AGUILERA','BLVD. BENITO JUAREZ NO. 1466-A','capitanaguilera@hotmail.com');
--Fila 13
INSERT INTO PAGO.CLIENTE (ID_CLIENTE, NOMBRE, APELLIDO, DIRECCION, EMAIL) VALUES (1011.0,'ANDREA','ALAMOS','CALLE MATAMOROS NO.280','apalamosg@hotmail.com');
--Fila 14
INSERT INTO PAGO.CLIENTE (ID_CLIENTE, NOMBRE, APELLIDO, DIRECCION, EMAIL) VALUES (1012.0,'NICOLAS','ALWYN','AV. INDEPENDENCIA NO. 545','niikhox__@hotmail.com');
--Fila 15
INSERT INTO PAGO.CLIENTE (ID_CLIENTE, NOMBRE, APELLIDO, DIRECCION, EMAIL) VALUES (1013.0,'LUCILA','ANDRADE','AV. INDEPENDENCIA NO. 1282-A','luuuuuuci@hotmail.com');
--Fila 16
INSERT INTO PAGO.CLIENTE (ID_CLIENTE, NOMBRE, APELLIDO, DIRECCION, EMAIL) VALUES (1014.0,'CRISTIAN','ANGULO','CALLE MATAMOROS NO. 127','kristian_siempre_azul@hotmail.com');
--Fila 17
INSERT INTO PAGO.CLIENTE (ID_CLIENTE, NOMBRE, APELLIDO, DIRECCION, EMAIL) VALUES (1015.0,'ALIHUEN','ANTILEO','AV.INDEPENDENCIA NO.1010','mapuchin@hotmail.com');
--Fila 18
INSERT INTO PAGO.CLIENTE (ID_CLIENTE, NOMBRE, APELLIDO, DIRECCION, EMAIL) VALUES (1016.0,'MARA','ARAHUETES','AV. 5 DE MAYO NO. 1652','arahuetes@manquehue.net');
--Fila 19
INSERT INTO PAGO.CLIENTE (ID_CLIENTE, NOMBRE, APELLIDO, DIRECCION, EMAIL) VALUES (1017.0,'EDUARDO','ARANCIBIA','AV. 5 DE MAYO NO. 1108','eduardo.arancibia@grange.cl');
--Fila 20
INSERT INTO PAGO.CLIENTE (ID_CLIENTE, NOMBRE, APELLIDO, DIRECCION, EMAIL) VALUES (1018.0,'MARTA','ARANCIBIA','AV. INDEPENDENCIA NO. 748','martacam2002@yahoo.com');
--Fila 21
INSERT INTO PAGO.CLIENTE (ID_CLIENTE, NOMBRE, APELLIDO, DIRECCION, EMAIL) VALUES (1019.0,'ANDREA','ARAVENA','AV. INDEPENDENCIA NO. 985-A','andrea.geoplanet@gmail.com');
--Fila 22
INSERT INTO PAGO.CLIENTE (ID_CLIENTE, NOMBRE, APELLIDO, DIRECCION, EMAIL) VALUES (1020.0,'FERNANDO','ARAYA','AV. INDEPENDENCIA NO. 985-A','faraya1910@hotmail.com');
--Fila 23
INSERT INTO PAGO.CLIENTE (ID_CLIENTE, NOMBRE, APELLIDO, DIRECCION, EMAIL) VALUES (1021.0,'FRANCISCO','ARAYA','BLVD. BENITO JUAREZ S / N','faraya@sprint.cl');
--Fila 24
INSERT INTO PAGO.CLIENTE (ID_CLIENTE, NOMBRE, APELLIDO, DIRECCION, EMAIL) VALUES (1022.0,'LEONOR','ARAYA','MATAMOROS NO 149','leonor.araya@gmail.com');
--Fila 25
INSERT INTO PAGO.CLIENTE (ID_CLIENTE, NOMBRE, APELLIDO, DIRECCION, EMAIL) VALUES (1023.0,'PAULA','ARAYA','AV. 5 DE MAYO NO 1100-A','paulifran@hotmail.com');
--Fila 26
INSERT INTO PAGO.CLIENTE (ID_CLIENTE, NOMBRE, APELLIDO, DIRECCION, EMAIL) VALUES (1024.0,'JOSEFINA','ARELLANO','AV. 20 DE NOVIEMBRE NO 1540','bad.girl.-@hotmail.es');
--Fila 27
INSERT INTO PAGO.CLIENTE (ID_CLIENTE, NOMBRE, APELLIDO, DIRECCION, EMAIL) VALUES (1025.0,'JORGE','ARGOMEDO','AV. 5 DE MAYO NO 1253','aargomedo@hecsa.cl');
--Fila 28
INSERT INTO PAGO.CLIENTE (ID_CLIENTE, NOMBRE, APELLIDO, DIRECCION, EMAIL) VALUES (1026.0,'MARILY','ARGOMEDO','CALLE OCAMPO NO 14','aargomedo@hecsa.cl');
--Fila 29
INSERT INTO PAGO.CLIENTE (ID_CLIENTE, NOMBRE, APELLIDO, DIRECCION, EMAIL) VALUES (1027.0,'ELIZABETH','ARMSTRONG','BLVD. BENITO JUAREZ ESQ. 20 DE NOVIEMBRE S/N','elizabetharmstrong39@gmail.com');
--Fila 30
INSERT INTO PAGO.CLIENTE (ID_CLIENTE, NOMBRE, APELLIDO, DIRECCION, EMAIL) VALUES (1028.0,'CAROLINA','ARNES','CALLE ALDAMA NO 156','c_arnes@hotmail.com');
--Fila 31
INSERT INTO PAGO.CLIENTE (ID_CLIENTE, NOMBRE, APELLIDO, DIRECCION, EMAIL) VALUES (1029.0,'ALEJANDRO','ARRIAGADA','AV. INDEPENDENCIA NO 145','aarriagada@petrok.cl');
--Fila 32
INSERT INTO PAGO.CLIENTE (ID_CLIENTE, NOMBRE, APELLIDO, DIRECCION, EMAIL) VALUES (1030.0,'JOHANNA','ARRIAZA','AV. 20 DE NOVIEMBRE NO 1046','joy_pao_@hotmail.com');
--Fila 33
INSERT INTO PAGO.CLIENTE (ID_CLIENTE, NOMBRE, APELLIDO, DIRECCION, EMAIL) VALUES (1031.0,'GERARDO','ARTEAGA','CALLE IGNACIO RAYON NO.949','carlosarteaga.pef@gmail.com');
--Fila 34
INSERT INTO PAGO.CLIENTE (ID_CLIENTE, NOMBRE, APELLIDO, DIRECCION, EMAIL) VALUES (1032.0,'JORGE','ASENJO','CALLE IGNACIO RAYON NO.934','arquitectoasenjo@gmail.com');
--Fila 35
INSERT INTO PAGO.CLIENTE (ID_CLIENTE, NOMBRE, APELLIDO, DIRECCION, EMAIL) VALUES (1033.0,'MARCELO','ASENJO','AV. 20 DE NOV. NO. 881 ESQ. ALDAMA','masenjog@gmail.com');
--Fila 36
INSERT INTO PAGO.CLIENTE (ID_CLIENTE, NOMBRE, APELLIDO, DIRECCION, EMAIL) VALUES (1034.0,'SERGIO','ASPEE','AV. 20 DE NOVIEMBRE NO. 1178','Sergio.Aspe@adretail.cl');
--Fila 37
INSERT INTO PAGO.CLIENTE (ID_CLIENTE, NOMBRE, APELLIDO, DIRECCION, EMAIL) VALUES (1035.0,'CONSUELO','ASPEE','AV. 5 DE MAYO NO. 1226','caspe@canal13.cl');
--Fila 38
INSERT INTO PAGO.CLIENTE (ID_CLIENTE, NOMBRE, APELLIDO, DIRECCION, EMAIL) VALUES (1036.0,'LUIS','BANTO','AV. INDEPENDENCIA S/N EXT. DEL MERCADO CENTRAL ESQ. BENITO JUAREZ','bantomaui@gmail.com');
--Fila 39
INSERT INTO PAGO.CLIENTE (ID_CLIENTE, NOMBRE, APELLIDO, DIRECCION, EMAIL) VALUES (1037.0,'MARCELO','BANTO','MATAMOROS NO 85 ESQ. 20 DE NOVIEMBRE','mfbanto@gmail.com');
--Fila 40
INSERT INTO PAGO.CLIENTE (ID_CLIENTE, NOMBRE, APELLIDO, DIRECCION, EMAIL) VALUES (1038.0,'RODRIGO','BANTO','AV. 20 DE NOVIEMBRE NO 1320','Rodrigo.banto@Uvavins.ch');
--Fila 41
INSERT INTO PAGO.CLIENTE (ID_CLIENTE, NOMBRE, APELLIDO, DIRECCION, EMAIL) VALUES (1039.0,'JORGE','BARRERA','CALLE OCAMPO NO. 254','jbarrera05@hotmail.com');
--Fila 42
INSERT INTO PAGO.CLIENTE (ID_CLIENTE, NOMBRE, APELLIDO, DIRECCION, EMAIL) VALUES (1040.0,'CLAUDIA','BERGEZ','AV.INDEPENDENCIA NO. 678','claudiabergez@gmail.com');
--Fila 43
INSERT INTO PAGO.CLIENTE (ID_CLIENTE, NOMBRE, APELLIDO, DIRECCION, EMAIL) VALUES (1041.0,'MICHELLE','BERGEZ','AV. INDEPENDENCIA N0.677','michelebk@hotmail.com');
--Fila 44
INSERT INTO PAGO.CLIENTE (ID_CLIENTE, NOMBRE, APELLIDO, DIRECCION, EMAIL) VALUES (1042.0,'MARIA','BERGUEZ','CALLE MORELOS NO. 72-B','angelicabergez@gmail.com');
--Fila 45
INSERT INTO PAGO.CLIENTE (ID_CLIENTE, NOMBRE, APELLIDO, DIRECCION, EMAIL) VALUES (1043.0,'SOLEDAD','BERGUEZ','CALLE ALDAMA NO.50','solbk26@hotmail.com');
--Fila 46
INSERT INTO PAGO.CLIENTE (ID_CLIENTE, NOMBRE, APELLIDO, DIRECCION, EMAIL) VALUES (1044.0,'CARLOS','BRAVO','CALLE IGNACIO MATIAS NO.6','cibravohuerta@yahoo.com');
--Fila 47
INSERT INTO PAGO.CLIENTE (ID_CLIENTE, NOMBRE, APELLIDO, DIRECCION, EMAIL) VALUES (1045.0,'FOLLERT','BRAVO','AV. INDEPENDENCIA NO. 670','sebastianatila@hotmail.com');
--Fila 48
INSERT INTO PAGO.CLIENTE (ID_CLIENTE, NOMBRE, APELLIDO, DIRECCION, EMAIL) VALUES (1046.0,'JAVIER','BRAVO','PROL.5 DE MAYO NO.786','jabravot@yahoo.es');
--Fila 49
INSERT INTO PAGO.CLIENTE (ID_CLIENTE, NOMBRE, APELLIDO, DIRECCION, EMAIL) VALUES (1047.0,'PAULINA','BRAVO','AV. LIBERTAD NO. 495','pbg@endesa.cl');
--Fila 50
INSERT INTO PAGO.CLIENTE (ID_CLIENTE, NOMBRE, APELLIDO, DIRECCION, EMAIL) VALUES (1048.0,'OSCAR','BRITO','AV. 5 NO. 1186 A','oscar.brito@gmail.com');
--Fila 51
INSERT INTO PAGO.CLIENTE (ID_CLIENTE, NOMBRE, APELLIDO, DIRECCION, EMAIL) VALUES (1049.0,'ANIBAL','CABBADA','AV. 5 NO.1186-A','anibalito___@hotmail.com');
--Fila 52
INSERT INTO PAGO.CLIENTE (ID_CLIENTE, NOMBRE, APELLIDO, DIRECCION, EMAIL) VALUES (1050.0,'DAVID','CABBADA','AV. 20 DE NOVIEMBRE ESQ. JUAREZ','rcabbada@vtr.net');
--Fila 53
INSERT INTO PAGO.CLIENTE (ID_CLIENTE, NOMBRE, APELLIDO, DIRECCION, EMAIL) VALUES (1051.0,'JUAN','CABBADA','AV. INDEPENDENCIA N0.670','superjp_coco@hotmail.com');
--Fila 54
INSERT INTO PAGO.CLIENTE (ID_CLIENTE, NOMBRE, APELLIDO, DIRECCION, EMAIL) VALUES (1052.0,'NICOLAS','CABBADA','CALLE BENITO JUAREZ NO.495','cabbada@gmail.com');
--Fila 55
INSERT INTO PAGO.CLIENTE (ID_CLIENTE, NOMBRE, APELLIDO, DIRECCION, EMAIL) VALUES (1053.0,'REGINA','CABBADA','20 DE NOVIEMBRE NO. 955','nina_cabbada@hotmail.com');
--Fila 56
INSERT INTO PAGO.CLIENTE (ID_CLIENTE, NOMBRE, APELLIDO, DIRECCION, EMAIL) VALUES (1054.0,'YASMIN','CABBADA','AV. INDEPENDENCIA 918','yaz_antu@yahoo.com');
--Fila 57
INSERT INTO PAGO.CLIENTE (ID_CLIENTE, NOMBRE, APELLIDO, DIRECCION, EMAIL) VALUES (1055.0,'M.CONSUELO','CACERES','AV INDEPENDENCIA 565-A','consuelo_caceres@hotmail.com');
--Fila 58
INSERT INTO PAGO.CLIENTE (ID_CLIENTE, NOMBRE, APELLIDO, DIRECCION, EMAIL) VALUES (1056.0,'DANTE','CALCAGNO','CALLE MATAMOROS NO. 325','dantekol@hotmail.com');
--Fila 59
INSERT INTO PAGO.CLIENTE (ID_CLIENTE, NOMBRE, APELLIDO, DIRECCION, EMAIL) VALUES (1057.0,'GIANCARLO','CALCAGNO','CALLE RIVA PALACIOS NO. 465','lukalcagno@gmail.com');
--Fila 60
INSERT INTO PAGO.CLIENTE (ID_CLIENTE, NOMBRE, APELLIDO, DIRECCION, EMAIL) VALUES (1058.0,'GIANFRANCO','CALCAGNO','AV. 20 DE NOVIEMBRE NO. 1291','ruliandro@hotmail.com');
--Fila 61
INSERT INTO PAGO.CLIENTE (ID_CLIENTE, NOMBRE, APELLIDO, DIRECCION, EMAIL) VALUES (1059.0,'IVAN','CALDERON','5 DE MAYO 1038','icalderon@tecval.cl');
--Fila 62
INSERT INTO PAGO.CLIENTE (ID_CLIENTE, NOMBRE, APELLIDO, DIRECCION, EMAIL) VALUES (1060.0,'PABLO','CALDERON','INDEPENDENCIA 748','pablo.calderon.cadiz@gmail.com');
--Fila 63
INSERT INTO PAGO.CLIENTE (ID_CLIENTE, NOMBRE, APELLIDO, DIRECCION, EMAIL) VALUES (1061.0,'ALICIA','CAMPOS','AV. 20 DE NOVIEMBRE NO. 963','allicamposv@hotmail.com');
--Fila 64
INSERT INTO PAGO.CLIENTE (ID_CLIENTE, NOMBRE, APELLIDO, DIRECCION, EMAIL) VALUES (1062.0,'GERMAN','CAMPOS','AV. INDEPENDENCIA NO. 748','campos.onfray@gmail.com');
--Fila 65
INSERT INTO PAGO.CLIENTE (ID_CLIENTE, NOMBRE, APELLIDO, DIRECCION, EMAIL) VALUES (1063.0,'JORGE','CAMPOS','AV. 20 DE NOVIEMBRE NO.1896','jorge.campos@impromac.cl');
--Fila 66
INSERT INTO PAGO.CLIENTE (ID_CLIENTE, NOMBRE, APELLIDO, DIRECCION, EMAIL) VALUES (1064.0,'RAUL','CAAS','5 DE MAYO 1660','raulcd02ster@gmail.com');
--Fila 67
INSERT INTO PAGO.CLIENTE (ID_CLIENTE, NOMBRE, APELLIDO, DIRECCION, EMAIL) VALUES (1065.0,'JAIME','CARMONA','20 DE NOVIEMBRE ESQ JUAREZ','jaime.carmona@gendarmeria.cl');
--Fila 68
INSERT INTO PAGO.CLIENTE (ID_CLIENTE, NOMBRE, APELLIDO, DIRECCION, EMAIL) VALUES (1066.0,'CLAUDIA','CASAJUANA','AV. JESUS CARRANZA NO. 991','tantitamivida@gmail.com');
--Fila 69
INSERT INTO PAGO.CLIENTE (ID_CLIENTE, NOMBRE, APELLIDO, DIRECCION, EMAIL) VALUES (1067.0,'FELIPE','CASAJUANA','OCAMPO 254-B','f.casajuan@gmail.com');
--Fila 70
INSERT INTO PAGO.CLIENTE (ID_CLIENTE, NOMBRE, APELLIDO, DIRECCION, EMAIL) VALUES (1068.0,'JAIME','CASAJUANA','AV. INDEPENDENCIA NO. 240','jaimecasajuana@gmail.com');
--Fila 71
INSERT INTO PAGO.CLIENTE (ID_CLIENTE, NOMBRE, APELLIDO, DIRECCION, EMAIL) VALUES (1069.0,'JAVIERA','CASAJUANA','AV. INDEPENDENCIA NO. 545-D','javi_javis_3@hotmail.com');
--Fila 72
INSERT INTO PAGO.CLIENTE (ID_CLIENTE, NOMBRE, APELLIDO, DIRECCION, EMAIL) VALUES (1070.0,'JORGE','CASAJUANA','AV. JESUS CARRANZA NO. 60','casajuana_@hotmail.com');
--Fila 73
INSERT INTO PAGO.CLIENTE (ID_CLIENTE, NOMBRE, APELLIDO, DIRECCION, EMAIL) VALUES (1071.0,'HUGO','CASTAEDA','AV. ROBERTYO COLORADO 1350','hugocastanedav@hotmail.com');
--Fila 74
INSERT INTO PAGO.CLIENTE (ID_CLIENTE, NOMBRE, APELLIDO, DIRECCION, EMAIL) VALUES (1072.0,'ALEJANDRA','CASTAON','C. ALDAMA NO. 153','acastanon@vectorchile.cl');
--Fila 75
INSERT INTO PAGO.CLIENTE (ID_CLIENTE, NOMBRE, APELLIDO, DIRECCION, EMAIL) VALUES (1073.0,'ALVARO','CASTAON','AV. LIBERTAD NO. 34','claudiocastanonmigeot@gmail.com');
--Fila 76
INSERT INTO PAGO.CLIENTE (ID_CLIENTE, NOMBRE, APELLIDO, DIRECCION, EMAIL) VALUES (1074.0,'ANA','CASTAON','AV. 20 DE NOVIEMBRE NO. 1020','c.analuz@yahoo.es');
--Fila 77
INSERT INTO PAGO.CLIENTE (ID_CLIENTE, NOMBRE, APELLIDO, DIRECCION, EMAIL) VALUES (1075.0,'CLAUDIO','CASTAON','CAMINO LOMA ALTA NO. 1000','claudiocastanonmigeot@gmail.com');
--Fila 78
INSERT INTO PAGO.CLIENTE (ID_CLIENTE, NOMBRE, APELLIDO, DIRECCION, EMAIL) VALUES (1076.0,'JORGE','CASTRO','AV. INDEPENDENCIA NO. 579','tango_negro@hotmail.com');
--Fila 79
INSERT INTO PAGO.CLIENTE (ID_CLIENTE, NOMBRE, APELLIDO, DIRECCION, EMAIL) VALUES (1077.0,'PATRICIO','CASTRO','CALLE 21 DE MARZO NO. 17','pato_one@hotmail.com');
--Fila 80
INSERT INTO PAGO.CLIENTE (ID_CLIENTE, NOMBRE, APELLIDO, DIRECCION, EMAIL) VALUES (1078.0,'JAVIER','CELEDON','CALLE MATAMOROS NO. 2-B','javier_celedon@hotmail.com');
--Fila 81
INSERT INTO PAGO.CLIENTE (ID_CLIENTE, NOMBRE, APELLIDO, DIRECCION, EMAIL) VALUES (1079.0,'JOAQUIN','CORDERO','INDEPENDENCIA NO. 717','joacocordero@gmail.com');
--Fila 82
INSERT INTO PAGO.CLIENTE (ID_CLIENTE, NOMBRE, APELLIDO, DIRECCION, EMAIL) VALUES (1080.0,'MARIA','CORDERO','18 DE MARZO NO. 1111','pepacordero@gmail.com');
--Fila 83
INSERT INTO PAGO.CLIENTE (ID_CLIENTE, NOMBRE, APELLIDO, DIRECCION, EMAIL) VALUES (1081.0,'VALENTINA','CORDOVA','AV. INDEPENDENCIA NO. 1054','laah.valehh@hotmail.com');
--Fila 84
INSERT INTO PAGO.CLIENTE (ID_CLIENTE, NOMBRE, APELLIDO, DIRECCION, EMAIL) VALUES (1082.0,'ANA','CORTES','ALDAMA 19-13','annabeck_@hotmail.com');
--Fila 85
INSERT INTO PAGO.CLIENTE (ID_CLIENTE, NOMBRE, APELLIDO, DIRECCION, EMAIL) VALUES (1083.0,'JAIME','CORTES','AV.LIBERTAD NO. 33','japacortes@yahoo.com');
--Fila 86
INSERT INTO PAGO.CLIENTE (ID_CLIENTE, NOMBRE, APELLIDO, DIRECCION, EMAIL) VALUES (1084.0,'JUAN','CORTES','AV. INDEPENDENCIA NO. 85','juanocortes@hotmail.com');
--Fila 87
INSERT INTO PAGO.CLIENTE (ID_CLIENTE, NOMBRE, APELLIDO, DIRECCION, EMAIL) VALUES (1085.0,'PILAR','CUADRA','CALLE MATAMOROS NO. 237','pili_diami_angol@hotmail.com');
--Fila 88
INSERT INTO PAGO.CLIENTE (ID_CLIENTE, NOMBRE, APELLIDO, DIRECCION, EMAIL) VALUES (1086.0,'MARCELO','CUMPLIDO','CALLEJON DE LA NOCHE TRISTE NO.23','tallerlaquilla@gmail.com');
--Fila 89
INSERT INTO PAGO.CLIENTE (ID_CLIENTE, NOMBRE, APELLIDO, DIRECCION, EMAIL) VALUES (1087.0,'XIMENA','GAETE','CALLE OCAMPO NO. 231','anamariadelacarrera@gmail.com');
--Fila 90
INSERT INTO PAGO.CLIENTE (ID_CLIENTE, NOMBRE, APELLIDO, DIRECCION, EMAIL) VALUES (1088.0,'FERNANDO','GALLARDO','OCAMPO NO. 231','paulinadelacarrera@gmail.com');
--Fila 91
INSERT INTO PAGO.CLIENTE (ID_CLIENTE, NOMBRE, APELLIDO, DIRECCION, EMAIL) VALUES (1089.0,'HILDA','DEA','CALLE MORELOS NO. 44','fgregoriog@vtr.net');
--Fila 92
INSERT INTO PAGO.CLIENTE (ID_CLIENTE, NOMBRE, APELLIDO, DIRECCION, EMAIL) VALUES (1090.0,'MARCHI','FERREIRO','AV DANIEL SOTO 738','anto_demarchi@hotmail.com');
--Fila 93
INSERT INTO PAGO.CLIENTE (ID_CLIENTE, NOMBRE, APELLIDO, DIRECCION, EMAIL) VALUES (1091.0,'CAROLINA','DIAZ','AV. INDEPENDENCIA NO. 1231 A','Karito_1404@hotmail.com');
--Fila 94
INSERT INTO PAGO.CLIENTE (ID_CLIENTE, NOMBRE, APELLIDO, DIRECCION, EMAIL) VALUES (1092.0,'LORETO','DIAZ','AV. INDEPENDENCIA NO. 562','loredicat@hotmail.com');
--Fila 95
INSERT INTO PAGO.CLIENTE (ID_CLIENTE, NOMBRE, APELLIDO, DIRECCION, EMAIL) VALUES (1093.0,'MARIA','DIAZ','AV. 5 DE MAYO NO. 583','diazma@tiscali.it');
--Fila 96
INSERT INTO PAGO.CLIENTE (ID_CLIENTE, NOMBRE, APELLIDO, DIRECCION, EMAIL) VALUES (1094.0,'PABLO','DUBO','AV. LIBERTAD NO. 56','pablodubof@gmail.com');
--Fila 97
INSERT INTO PAGO.CLIENTE (ID_CLIENTE, NOMBRE, APELLIDO, DIRECCION, EMAIL) VALUES (1095.0,'DIEGO','DURAN','AV. INDEPENDENCIA NO. 500','dddura69@gmail.com');
--Fila 98
INSERT INTO PAGO.CLIENTE (ID_CLIENTE, NOMBRE, APELLIDO, DIRECCION, EMAIL) VALUES (1096.0,'CATALINA','ECHEGOYEN','AV. INDEPENDENCIA N0.562','khiton_@hotmail.com');
--Fila 99
INSERT INTO PAGO.CLIENTE (ID_CLIENTE, NOMBRE, APELLIDO, DIRECCION, EMAIL) VALUES (1097.0,'PABLO','ECHIBURU','AV. 20 DE NOVIEMBRE 795','pecmor63@gmail.com');
--Fila 100
INSERT INTO PAGO.CLIENTE (ID_CLIENTE, NOMBRE, APELLIDO, DIRECCION, EMAIL) VALUES (1098.0,'JORGE','ESCOTE','AV. PRINCIPAL S/N.','jlescote@gasco.cl');
--Fila 101
INSERT INTO PAGO.CLIENTE (ID_CLIENTE, NOMBRE, APELLIDO, DIRECCION, EMAIL) VALUES (1099.0,'ANDREA','ESPINOZA','AV INDEPENDENCIA NO 219','aespinz@hotmail.com');
--Fila 102
INSERT INTO PAGO.CLIENTE (ID_CLIENTE, NOMBRE, APELLIDO, DIRECCION, EMAIL) VALUES (1100.0,'FRANCISCO','ESPINOZA','AV. INDEPENDENCIA NO. 545-D','fespinosacl@yahoo.com');
--Fila 103
INSERT INTO PAGO.CLIENTE (ID_CLIENTE, NOMBRE, APELLIDO, DIRECCION, EMAIL) VALUES (1101.0,'RICARDO','ESPINOZA','AV. INDEPENDENCIA NO. 740','ricardo.espinosa.z@hotmail.com');
--Fila 104
INSERT INTO PAGO.CLIENTE (ID_CLIENTE, NOMBRE, APELLIDO, DIRECCION, EMAIL) VALUES (1102.0,'ALBERTO','ESPOZ','MATAMOROS NO. 327','isabelina50@yahoo.com.es');
--Fila 105
INSERT INTO PAGO.CLIENTE (ID_CLIENTE, NOMBRE, APELLIDO, DIRECCION, EMAIL) VALUES (1103.0,'ALVARO','ESPOZ','KM.13 CARRET. CD. ALEMAN-TUXTEPEC','alvaro.espoz@gmail.com');
--Fila 106
INSERT INTO PAGO.CLIENTE (ID_CLIENTE, NOMBRE, APELLIDO, DIRECCION, EMAIL) VALUES (1104.0,'PATRICIO','EYSAGUIRRE','AV. INDEPENDENCIA NO. 1639','patorfebre@hotmail.com');
--Fila 107
INSERT INTO PAGO.CLIENTE (ID_CLIENTE, NOMBRE, APELLIDO, DIRECCION, EMAIL) VALUES (1105.0,'CLAUDIO','FERNANDEZ','AV.INDEPEND.NO. 1065','cfernandez@isa.cl');
--Fila 108
INSERT INTO PAGO.CLIENTE (ID_CLIENTE, NOMBRE, APELLIDO, DIRECCION, EMAIL) VALUES (1106.0,'FRANCIS','FERREIRO','BOULEVAR BENITO JUAREZ NO. 197 -A','francis_nexos@hotmail.com');
--Fila 109
INSERT INTO PAGO.CLIENTE (ID_CLIENTE, NOMBRE, APELLIDO, DIRECCION, EMAIL) VALUES (1107.0,'MARCELA','FIGUEROA','INDEPENDENCIA 1519','marcelafigueroazamora@hotmail.com');
--Fila 110
INSERT INTO PAGO.CLIENTE (ID_CLIENTE, NOMBRE, APELLIDO, DIRECCION, EMAIL) VALUES (1108.0,'MARIO','FIGUEROA','CALLE MORELOS NO. 24','mafigza@gmail.com');
--Fila 111
INSERT INTO PAGO.CLIENTE (ID_CLIENTE, NOMBRE, APELLIDO, DIRECCION, EMAIL) VALUES (1109.0,'MARITZA','FIGUEROA','CALLE MATAMOROS NO. 225','marissaleone@hotmail.com');
--Fila 112
INSERT INTO PAGO.CLIENTE (ID_CLIENTE, NOMBRE, APELLIDO, DIRECCION, EMAIL) VALUES (1110.0,'DANIELA','FLORES','AV. INDEPENDENCIA NO. 720','natygris@hotmail.com');
--Fila 113
INSERT INTO PAGO.CLIENTE (ID_CLIENTE, NOMBRE, APELLIDO, DIRECCION, EMAIL) VALUES (1111.0,'CONSUELO','FORNES','AV.INDEPENDENCIA NO. 574','consuelo.fornes@gmail.com');
--Fila 114
INSERT INTO PAGO.CLIENTE (ID_CLIENTE, NOMBRE, APELLIDO, DIRECCION, EMAIL) VALUES (1112.0,'JORGE','FORNES','AV. INDEPENDENCIA NO. 565-A','jmfornes@yahoo.com');
--Fila 115
INSERT INTO PAGO.CLIENTE (ID_CLIENTE, NOMBRE, APELLIDO, DIRECCION, EMAIL) VALUES (1113.0,'RODRIGO','FORNES','AV. LIBERTAD NO. 956','fornickinson@hotmail.com');
--Fila 116
INSERT INTO PAGO.CLIENTE (ID_CLIENTE, NOMBRE, APELLIDO, DIRECCION, EMAIL) VALUES (1114.0,'PATRICIA','FREITE','AV. LIBERTAD NO. 897','lml@vtr.net');
--Fila 117
INSERT INTO PAGO.CLIENTE (ID_CLIENTE, NOMBRE, APELLIDO, DIRECCION, EMAIL) VALUES (1115.0,'XIMENA','FREITE','PRINCIPAL S/N. TEMAZCAL.','xfreitte@gmail.com');
--Fila 118
INSERT INTO PAGO.CLIENTE (ID_CLIENTE, NOMBRE, APELLIDO, DIRECCION, EMAIL) VALUES (1116.0,'FERNANDO','FREITTE','HIDALGO NO. 96','fernandofreitte.xia@gmail.com');
--Fila 119
INSERT INTO PAGO.CLIENTE (ID_CLIENTE, NOMBRE, APELLIDO, DIRECCION, EMAIL) VALUES (1117.0,'HILDA','FREITTE','CALLE HIDALGO NO.96','hfreitte2618@gmail.com');
--Fila 120
INSERT INTO PAGO.CLIENTE (ID_CLIENTE, NOMBRE, APELLIDO, DIRECCION, EMAIL) VALUES (1118.0,'JORGE','FREITTE','AV. INDEPENDENCIA NO. 1457','jfreitte@vtr.net');
--Fila 121
INSERT INTO PAGO.CLIENTE (ID_CLIENTE, NOMBRE, APELLIDO, DIRECCION, EMAIL) VALUES (1119.0,'CINTIA','FUENTES','AV. 5 DE MAYO NO. 551','cfalvear@hotmail.com');
--Fila 122
INSERT INTO PAGO.CLIENTE (ID_CLIENTE, NOMBRE, APELLIDO, DIRECCION, EMAIL) VALUES (1120.0,'DEBORA','FUENTES','CALLE ALDAMA NO. 99','debora1611@hotmail.com');
--Fila 123
INSERT INTO PAGO.CLIENTE (ID_CLIENTE, NOMBRE, APELLIDO, DIRECCION, EMAIL) VALUES (1121.0,'FERNANDO','GAETE','AV. 20 DE NOVIEMBRE NO. 1121','fernando.gaete@gmail.com');
--Fila 124
INSERT INTO PAGO.CLIENTE (ID_CLIENTE, NOMBRE, APELLIDO, DIRECCION, EMAIL) VALUES (1122.0,'FRANCISCA','GAETE','AV. 5 DE MAYO NO. 1953','fgaete@colegioaltamira.cl');
--Fila 125
INSERT INTO PAGO.CLIENTE (ID_CLIENTE, NOMBRE, APELLIDO, DIRECCION, EMAIL) VALUES (1123.0,'FRANCISCO','GAETE','CALLE ALDAMA NO.720','panchop71@hotmail.com');
--Fila 126
INSERT INTO PAGO.CLIENTE (ID_CLIENTE, NOMBRE, APELLIDO, DIRECCION, EMAIL) VALUES (1124.0,'MARIA','GAETE','AV. 18 DE MARZO ESQ. BLVD.M. AVILA CAMACHO NO. 1372','mareneegaete@hotmail.com');
--Fila 127
INSERT INTO PAGO.CLIENTE (ID_CLIENTE, NOMBRE, APELLIDO, DIRECCION, EMAIL) VALUES (1125.0,'PAMELA','GALLARDO','CALLE ALDAMA NO. 144-A','pamelagallardop@hotmail.com');
--Fila 128
INSERT INTO PAGO.CLIENTE (ID_CLIENTE, NOMBRE, APELLIDO, DIRECCION, EMAIL) VALUES (1126.0,'ADRIAN','GAMBETTA','BLVD. BENITO JUAREZ NO. 1291','aegambet@uc.cl');
--Fila 129
INSERT INTO PAGO.CLIENTE (ID_CLIENTE, NOMBRE, APELLIDO, DIRECCION, EMAIL) VALUES (1127.0,'FILIPO','GAMBETTA','AV. 20 DE NOVIEMBRE NO. 970-B','filipofox@hotmail.com');
--Fila 130
INSERT INTO PAGO.CLIENTE (ID_CLIENTE, NOMBRE, APELLIDO, DIRECCION, EMAIL) VALUES (1128.0,'KATTY','GARCIA','CALLE MORELOS NO.426','katagardu@yahoo.com');
--Fila 131
INSERT INTO PAGO.CLIENTE (ID_CLIENTE, NOMBRE, APELLIDO, DIRECCION, EMAIL) VALUES (1129.0,'VIVIANA','GARRIDO','PROL. AV. 5 DE MAYO NO. 270','vivianagarridon@hotmail.com');
--Fila 132
INSERT INTO PAGO.CLIENTE (ID_CLIENTE, NOMBRE, APELLIDO, DIRECCION, EMAIL) VALUES (1130.0,'GERARDO','GEDIES','LIBERTAD NO. 2005','ggedies@hotmail.com');
--Fila 133
INSERT INTO PAGO.CLIENTE (ID_CLIENTE, NOMBRE, APELLIDO, DIRECCION, EMAIL) VALUES (1131.0,'RICARDO','GODOY','BOULEVAR BGENITO JUAREZ 1291','rickygodoy@hildegard.cl');
--Fila 134
INSERT INTO PAGO.CLIENTE (ID_CLIENTE, NOMBRE, APELLIDO, DIRECCION, EMAIL) VALUES (1132.0,'CARLOS','GOLDSACK','20 DE NOVIEMBRE NO. 1081','carlos.goldsack@nismar.cl');
--Fila 135
INSERT INTO PAGO.CLIENTE (ID_CLIENTE, NOMBRE, APELLIDO, DIRECCION, EMAIL) VALUES (1133.0,'ISABEL','GOLDSACK','AV. 20 DE NOVIEMBRE NO. 1081','isabel.goldsack@sekmail.com');
--Fila 136
INSERT INTO PAGO.CLIENTE (ID_CLIENTE, NOMBRE, APELLIDO, DIRECCION, EMAIL) VALUES (1134.0,'MONICA','GOLDSACK','AV. INDEPENDENCIA NO. 574','mgoldsackz@gmail.com');
--Fila 137
INSERT INTO PAGO.CLIENTE (ID_CLIENTE, NOMBRE, APELLIDO, DIRECCION, EMAIL) VALUES (1135.0,'GUILLERMO','GOMARA','INDEPENDENCIA NO. 605','ggomara@bancoestado.cl');
--Fila 138
INSERT INTO PAGO.CLIENTE (ID_CLIENTE, NOMBRE, APELLIDO, DIRECCION, EMAIL) VALUES (1136.0,'XIMENA','GOMARA','AV. INDEPENDENCIA NO 1021','xicagogo@yahoo.es');
--Fila 139
INSERT INTO PAGO.CLIENTE (ID_CLIENTE, NOMBRE, APELLIDO, DIRECCION, EMAIL) VALUES (1137.0,'DANTE','GOMEZ','HIDALGO NO 689','dgomezl@bancochile.cl');
--Fila 140
INSERT INTO PAGO.CLIENTE (ID_CLIENTE, NOMBRE, APELLIDO, DIRECCION, EMAIL) VALUES (1138.0,'ENRIQUE','GOMEZ','AV. INDEPENDENCIA NO. 497','enrigom@gmail.com');
--Fila 141
INSERT INTO PAGO.CLIENTE (ID_CLIENTE, NOMBRE, APELLIDO, DIRECCION, EMAIL) VALUES (1139.0,'ERNESTO','GOMEZ','AV. INDEPENDENCIA NO. 497','ernestogomez@vtr.net');
--Fila 142
INSERT INTO PAGO.CLIENTE (ID_CLIENTE, NOMBRE, APELLIDO, DIRECCION, EMAIL) VALUES (1140.0,'GABRIEL','GONZALEZ','AVENIDA 5 DE MAYO NO. 1226','luisgabriel.gonzalez@gmail.com');
--Fila 143
INSERT INTO PAGO.CLIENTE (ID_CLIENTE, NOMBRE, APELLIDO, DIRECCION, EMAIL) VALUES (1141.0,'JOSE','GONZALEZ','AV INDEPENDENCIA NO. 545-B','x.josegonzalez@gmail.com');
--Fila 144
INSERT INTO PAGO.CLIENTE (ID_CLIENTE, NOMBRE, APELLIDO, DIRECCION, EMAIL) VALUES (1142.0,'CARMEN','GREVE','CALLE MATAMOROS NO. 40','cggreve@gmail.com');
--Fila 145
INSERT INTO PAGO.CLIENTE (ID_CLIENTE, NOMBRE, APELLIDO, DIRECCION, EMAIL) VALUES (1143.0,'VALENTINA','GUAJARDO','BLVD. MANUEL AVILA CAMACHO 435','levaa.g@hotmail.com');
--Fila 146
INSERT INTO PAGO.CLIENTE (ID_CLIENTE, NOMBRE, APELLIDO, DIRECCION, EMAIL) VALUES (1144.0,'SEBASTIAN','HANNIG','AV. 20 DE NOVIEMBRE NO. 1105 ESQ.OCAMPO','sebastian.hannig.g@gmail.com');
--Fila 147
INSERT INTO PAGO.CLIENTE (ID_CLIENTE, NOMBRE, APELLIDO, DIRECCION, EMAIL) VALUES (1145.0,'ILSE','HASCHKE','CALLE MATAMOROS NO. 147','gala108@hotmail.com');
--Fila 148
INSERT INTO PAGO.CLIENTE (ID_CLIENTE, NOMBRE, APELLIDO, DIRECCION, EMAIL) VALUES (1146.0,'JORGE','HASCHKE','AV. INDEPENDENCIA NO. 390 ANTES 396','jhaschke@cintazul.cl');
--Fila 149
INSERT INTO PAGO.CLIENTE (ID_CLIENTE, NOMBRE, APELLIDO, DIRECCION, EMAIL) VALUES (1147.0,'SERGIO','HERRERA','AV. 20 DE NOVIEMBRE NO. 1027','sergiomherrera@gmail.com');
--Fila 150
INSERT INTO PAGO.CLIENTE (ID_CLIENTE, NOMBRE, APELLIDO, DIRECCION, EMAIL) VALUES (1148.0,'ISABEL','IBARRA','AV. INDEPENDENCIA NO.745-BIS','koenigis@googlemail.com');
--Fila 151
INSERT INTO PAGO.CLIENTE (ID_CLIENTE, NOMBRE, APELLIDO, DIRECCION, EMAIL) VALUES (1149.0,'IVAN','IBARRA','AV. JESUS CARRANZA NO. 123','iibarra@bancoestado.cl');
--Fila 152
INSERT INTO PAGO.CLIENTE (ID_CLIENTE, NOMBRE, APELLIDO, DIRECCION, EMAIL) VALUES (1150.0,'IGNACIO','IDALSOAGA','AV. JESUS CARRANZA NO. 123','director@buinzoo.cl');
--Fila 153
INSERT INTO PAGO.CLIENTE (ID_CLIENTE, NOMBRE, APELLIDO, DIRECCION, EMAIL) VALUES (1151.0,'SERGIO','ITURRI','AV. 20 DE NOV. NO. 1372','siturri17@hotmail.com');
--Fila 154
INSERT INTO PAGO.CLIENTE (ID_CLIENTE, NOMBRE, APELLIDO, DIRECCION, EMAIL) VALUES (1152.0,'ARTURO','JABALQUINTO','AV. 5 DE MAYO NO.1380','arturojabalquinto@hotmail.com');
--Fila 155
INSERT INTO PAGO.CLIENTE (ID_CLIENTE, NOMBRE, APELLIDO, DIRECCION, EMAIL) VALUES (1153.0,'GALO','JARA','AV. INDEPENDENCIA NO.117 ESQ.ARISTA','galo.jara@gmail.com');
--Fila 156
INSERT INTO PAGO.CLIENTE (ID_CLIENTE, NOMBRE, APELLIDO, DIRECCION, EMAIL) VALUES (1154.0,'MAURICIO','JARA','20 DE NOVIEMBRE 1501','hectorm_jc@hotmail.com');
--Fila 157
INSERT INTO PAGO.CLIENTE (ID_CLIENTE, NOMBRE, APELLIDO, DIRECCION, EMAIL) VALUES (1155.0,'CLAUDIO','JIMENEZ','INDEPENDENCIA 85','cjimenez1000@yahoo.es');
--Fila 158
INSERT INTO PAGO.CLIENTE (ID_CLIENTE, NOMBRE, APELLIDO, DIRECCION, EMAIL) VALUES (1156.0,'EXEQUIEL','JIMENEZ','DANIEL SOTO NO.370','ejimenez@med.uchile.cl');
--Fila 159
INSERT INTO PAGO.CLIENTE (ID_CLIENTE, NOMBRE, APELLIDO, DIRECCION, EMAIL) VALUES (1157.0,'NELSON','JORQUERA','AV. INDEPENDENCIA NO. 611','nelsonunion@hotmail.com');
--Fila 160
INSERT INTO PAGO.CLIENTE (ID_CLIENTE, NOMBRE, APELLIDO, DIRECCION, EMAIL) VALUES (1158.0,'SUSANA','JORQUERA','AV. INDEPENDENCIA NO. 413','susana0413@hotmail.com');
--Fila 161
INSERT INTO PAGO.CLIENTE (ID_CLIENTE, NOMBRE, APELLIDO, DIRECCION, EMAIL) VALUES (1159.0,'VERONICA','KATALINIC','CALLE OCAMPO NO.420','verocakatalinic@hotmail.com');
--Fila 162
INSERT INTO PAGO.CLIENTE (ID_CLIENTE, NOMBRE, APELLIDO, DIRECCION, EMAIL) VALUES (1160.0,'CHRISTOPHER','KELLER','PROLONG. INDEPENDENCIA NO. 2237','cdksfofi@hotmail.com');
--Fila 163
INSERT INTO PAGO.CLIENTE (ID_CLIENTE, NOMBRE, APELLIDO, DIRECCION, EMAIL) VALUES (1161.0,'MICHAEL','KELLER','AV. INDEPENDENCIA NO. 718','michael.keller@udp.cl');
--Fila 164
INSERT INTO PAGO.CLIENTE (ID_CLIENTE, NOMBRE, APELLIDO, DIRECCION, EMAIL) VALUES (1162.0,'VICKY','KUNSTMANN','AV. 1O. DE MAYO NO. 29','vkunstmann@gmail.com');
--Fila 165
INSERT INTO PAGO.CLIENTE (ID_CLIENTE, NOMBRE, APELLIDO, DIRECCION, EMAIL) VALUES (1163.0,'ROSA','LABARCA','CALLE ALDAMA NO.233-A','rlabarcajaque@gmail.com');
--Fila 166
INSERT INTO PAGO.CLIENTE (ID_CLIENTE, NOMBRE, APELLIDO, DIRECCION, EMAIL) VALUES (1164.0,'CARMEN','LABBE','AV. INDEPENDENCIA NO.147','carmenluzlabbe@gmail.com');
--Fila 167
INSERT INTO PAGO.CLIENTE (ID_CLIENTE, NOMBRE, APELLIDO, DIRECCION, EMAIL) VALUES (1165.0,'VICTOR','LABBE','INDEPENDENCIA NO. 569 B','escobilla3carretes@hotmail.com');
--Fila 168
INSERT INTO PAGO.CLIENTE (ID_CLIENTE, NOMBRE, APELLIDO, DIRECCION, EMAIL) VALUES (1166.0,'MIGUEL','LAGOS','LIBERTAD 56','constructor77@gmail.com');
--Fila 169
INSERT INTO PAGO.CLIENTE (ID_CLIENTE, NOMBRE, APELLIDO, DIRECCION, EMAIL) VALUES (1167.0,'JOSE','LANCELOTTI','CALLE MELCHOR OCAMPO NO. 635','jlance60@bancoestado.cl');
--Fila 170
INSERT INTO PAGO.CLIENTE (ID_CLIENTE, NOMBRE, APELLIDO, DIRECCION, EMAIL) VALUES (1168.0,'GONZALO','LAZO','AV. INDEPENDENCIA NO.1004','glazo@mbienes.cl');
--Fila 171
INSERT INTO PAGO.CLIENTE (ID_CLIENTE, NOMBRE, APELLIDO, DIRECCION, EMAIL) VALUES (1169.0,'LAUTARO','LAZO','AV. 5 DE MAYO NO. 1637','llazo@agrical.cl');
--Fila 172
INSERT INTO PAGO.CLIENTE (ID_CLIENTE, NOMBRE, APELLIDO, DIRECCION, EMAIL) VALUES (1170.0,'ANA','LETELIER','AV. 5 DE MAYO 1634','amarantasol@gmail.com');
--Fila 173
INSERT INTO PAGO.CLIENTE (ID_CLIENTE, NOMBRE, APELLIDO, DIRECCION, EMAIL) VALUES (1171.0,'RICARDO','LILLO','PONCIANO ARRIAGA NO. 43','rlillo_2000@hotmail.com');
--Fila 174
INSERT INTO PAGO.CLIENTE (ID_CLIENTE, NOMBRE, APELLIDO, DIRECCION, EMAIL) VALUES (1172.0,'DORITA','LINEROS','CALLE MATAMOROS NO.29-3','dlineros@uc.cl');
--Fila 175
INSERT INTO PAGO.CLIENTE (ID_CLIENTE, NOMBRE, APELLIDO, DIRECCION, EMAIL) VALUES (1173.0,'MONICA','LINEROS','AV. JESUS CARRANZA NO. 1067','monica@arrigoni.cl');
--Fila 176
INSERT INTO PAGO.CLIENTE (ID_CLIENTE, NOMBRE, APELLIDO, DIRECCION, EMAIL) VALUES (1174.0,'PATRICIO','LIZAMA','AV. FERROCARRIL S/N.','plizama@mediplex.cl');
--Fila 177
INSERT INTO PAGO.CLIENTE (ID_CLIENTE, NOMBRE, APELLIDO, DIRECCION, EMAIL) VALUES (1175.0,'KRESIMIR','LJUBETIC','AV. 5 DE MAYO NO.1544','kresimirljubetic@vtr.net');
--Fila 178
INSERT INTO PAGO.CLIENTE (ID_CLIENTE, NOMBRE, APELLIDO, DIRECCION, EMAIL) VALUES (1176.0,'FELIPE','LOBATO','MATAMOROS No. 138','flobato.c@gmail.com');
--Fila 179
INSERT INTO PAGO.CLIENTE (ID_CLIENTE, NOMBRE, APELLIDO, DIRECCION, EMAIL) VALUES (1177.0,'HUMBERTO','LOISELLE','AV. 20 DE NOVIEMBRE No. 1037','hpjlr@hotmail.com');
--Fila 180
INSERT INTO PAGO.CLIENTE (ID_CLIENTE, NOMBRE, APELLIDO, DIRECCION, EMAIL) VALUES (1178.0,'PEDRO','LOISELLE','AV. 20 DE NOVIEMBRE No. 1037','pedroloiselle@hotmail.com');
--Fila 181
INSERT INTO PAGO.CLIENTE (ID_CLIENTE, NOMBRE, APELLIDO, DIRECCION, EMAIL) VALUES (1179.0,'CRISTIAN','LOPEZ','AV. 20 DE NOVIEMBRE NO. 1139-B','crilofer63@gmail.com');
--Fila 182
INSERT INTO PAGO.CLIENTE (ID_CLIENTE, NOMBRE, APELLIDO, DIRECCION, EMAIL) VALUES (1180.0,'JAVIER','LOPEZ','AV. 20 DE NOVIEMBRE No50221','lexischile@gmail.com');
--Fila 183
INSERT INTO PAGO.CLIENTE (ID_CLIENTE, NOMBRE, APELLIDO, DIRECCION, EMAIL) VALUES (1181.0,'LOREDANA','LUPPICHINI','AV. 5 DE MAYO No. 1350','lorerlv@hotmail.com');
--Fila 184
INSERT INTO PAGO.CLIENTE (ID_CLIENTE, NOMBRE, APELLIDO, DIRECCION, EMAIL) VALUES (1182.0,'PATRICIO','MACERATTA','AV. INDEPENDENCIA No. 393','juanmaceratta@hotmail.com');
--Fila 185
INSERT INTO PAGO.CLIENTE (ID_CLIENTE, NOMBRE, APELLIDO, DIRECCION, EMAIL) VALUES (1183.0,'CARLOS','MANDAKOVIC','BULEVAR No810','cmandak@vtr.net');
--Fila 186
INSERT INTO PAGO.CLIENTE (ID_CLIENTE, NOMBRE, APELLIDO, DIRECCION, EMAIL) VALUES (1184.0,'CRISTINA','MARAMBIO','CALLE SEBASTIAN ORTIZ NO.549','c.marambiomelis@gmail.com');
--Fila 187
INSERT INTO PAGO.CLIENTE (ID_CLIENTE, NOMBRE, APELLIDO, DIRECCION, EMAIL) VALUES (1185.0,'ENRIQUE','MARFIL','CALLE MORELOS NO. 30','emarfil@bancochile.cl');
--Fila 188
INSERT INTO PAGO.CLIENTE (ID_CLIENTE, NOMBRE, APELLIDO, DIRECCION, EMAIL) VALUES (1186.0,'CARMEN','MARTINA','CALLE MORELOS NO. 330 INT.2','cmartina@uai.cl');
--Fila 189
INSERT INTO PAGO.CLIENTE (ID_CLIENTE, NOMBRE, APELLIDO, DIRECCION, EMAIL) VALUES (1187.0,'JAVIER','MARTINEZ','AV 5 DE MAYO 659','jmartinezcossio@gmail.com');
--Fila 190
INSERT INTO PAGO.CLIENTE (ID_CLIENTE, NOMBRE, APELLIDO, DIRECCION, EMAIL) VALUES (1188.0,'PAMELA','MARTINEZ','OCAMPO 38','p.martinez.lillo@gmail.com');
--Fila 191
INSERT INTO PAGO.CLIENTE (ID_CLIENTE, NOMBRE, APELLIDO, DIRECCION, EMAIL) VALUES (1189.0,'ANDREA','MELIS','AV. 20 DE NOVIEMBRE NO. 1070','melisherman@hotmail.com');
--Fila 192
INSERT INTO PAGO.CLIENTE (ID_CLIENTE, NOMBRE, APELLIDO, DIRECCION, EMAIL) VALUES (1190.0,'AYLIN','MENA','AV. 5 DE MAYO NO. 1401','aylincita11@hotmail.com');
--Fila 193
INSERT INTO PAGO.CLIENTE (ID_CLIENTE, NOMBRE, APELLIDO, DIRECCION, EMAIL) VALUES (1191.0,'DANIELA','MENA','AV. INDEPENDENCIA N0.1166','d.mena@live.cl');
--Fila 194
INSERT INTO PAGO.CLIENTE (ID_CLIENTE, NOMBRE, APELLIDO, DIRECCION, EMAIL) VALUES (1192.0,'LUIS','MENESES','AV. 20 DE NOVIEMBRE NO. 964','lml@vtr.net');
--Fila 195
INSERT INTO PAGO.CLIENTE (ID_CLIENTE, NOMBRE, APELLIDO, DIRECCION, EMAIL) VALUES (1193.0,'CAROLINA','MERINO','AV. 20 DE NOVIEMBRE NO. 933','almendrita203@hotmail.com');
--Fila 196
INSERT INTO PAGO.CLIENTE (ID_CLIENTE, NOMBRE, APELLIDO, DIRECCION, EMAIL) VALUES (1194.0,'CLAUDIA','MERINO','AV. INDEPENDENCIA NO. 1811','cmerinosuarez@gmail.com');
--Fila 197
INSERT INTO PAGO.CLIENTE (ID_CLIENTE, NOMBRE, APELLIDO, DIRECCION, EMAIL) VALUES (1195.0,'VICTORIA','MERINO','CALLE OCAMPO NO.266','mavmerino@hotmail.com');
--Fila 198
INSERT INTO PAGO.CLIENTE (ID_CLIENTE, NOMBRE, APELLIDO, DIRECCION, EMAIL) VALUES (1196.0,'IVAN','MESIAS','AV. INDEPENDENCIA NO. 1162','mesiasivan@hotmail.com');
--Fila 199
INSERT INTO PAGO.CLIENTE (ID_CLIENTE, NOMBRE, APELLIDO, DIRECCION, EMAIL) VALUES (1197.0,'BELEN','MILLARAY','AV. INDEPENDENCIA N0.900','belenmirallay@hotmail.com');
--Fila 200
INSERT INTO PAGO.CLIENTE (ID_CLIENTE, NOMBRE, APELLIDO, DIRECCION, EMAIL) VALUES (1198.0,'NADIA','MIMICA','AV. INDEPENDENCIA NO.900','nadia.mimica@vtr.net');
--Fila 201
INSERT INTO PAGO.CLIENTE (ID_CLIENTE, NOMBRE, APELLIDO, DIRECCION, EMAIL) VALUES (1199.0,'MARRIETTA','MOLIN','CALLE ALDAMA NO.53','mariettamolin@hotmail.com');
--Fila 202
INSERT INTO PAGO.CLIENTE (ID_CLIENTE, NOMBRE, APELLIDO, DIRECCION, EMAIL) VALUES (1200.0,'GERARDO','MOLINA','20 DE NOVIEMBRE 1371','el.gerardithox_lda@hotmail.com');


